id,domain,status,purchase_price,renewal_price,attractiveness,demand,length,registrar,created_at,expires_at,status_verified_at
3145ac93-aa2a-4289-8f7a-08fa0bf4bb8f,mack.reisen,expiring,,,high,low,4,Mesh Digital Limited,02/11/2015 16:05,02/11/2026 16:05,03/10/2026 06:51
cebd7a51-a549-41ef-bda7-1d3b4e62746e,service.poker,expiring,,,high,medium,7,"GoDaddy.com, LLC",12/11/2024 16:53,12/11/2026 16:53,03/10/2026 07:38
8c2dc3b6-aacb-42f4-8577-3a555416c3b0,trump.clothing,expiring,,,high,medium,5,"GoDaddy.com, LLC",16/11/2022 03:09,16/11/2026 03:09,03/10/2026 07:54
6b18566a-60d4-43ad-a4f6-262a6a91172b,bulldozer.feedback,expiring,,,high,low,9,Tucows Registry Services,15/10/2015 19:36,15/10/2026 23:59,03/10/2026 05:34
3909d8cb-036d-493f-8791-05695bcfd44b,micro.consulting,expiring,,,high,medium,5,"Sav.com, LLC",08/10/2016 09:59,08/10/2026 09:59,03/10/2026 05:06
820a604e-51b3-4e6a-ac0b-72dda0c65175,freestyle.software,expiring,,,high,low,9,"Name.com, Inc.",13/11/2020 14:34,13/11/2026 14:34,03/10/2026 07:42
99d4fbc6-490e-4445-8495-3f27c90c23f1,purchaser.name,expiring,,,high,low,9,"Amazon Registrar, Inc.",08/11/2025 11:56,08/11/2026 11:56,03/10/2026 07:21
31e7867c-08fd-4fa2-9479-1f32b8941f5d,expertly.chat,expiring,,,medium,low,8,Dynadot Inc,07/11/2025 10:55,07/11/2026 10:55,03/10/2026 07:16
3645c015-3cda-4e85-b65d-8283ea15c24e,couple.one,expiring,,,high,low,6,"Spaceship, Inc.",25/10/2023 00:05,25/10/2026 00:05,03/10/2026 06:19
cc80c841-ddf9-4181-8d1c-1a21bc5df200,income.group,expiring,,,high,low,6,"Sav.com, LLC - 24",05/11/2023 15:15,05/11/2026 15:15,03/10/2026 07:06
3ae86a74-a965-4d83-a4ae-a276c8012af0,insurance.sarl,expiring,,,high,medium,9,"GoDaddy.com, LLC",10/10/2025 16:04,10/10/2026 16:04,03/10/2026 05:14
a2f6411d-2718-4398-99e2-9635e3107073,intermit.co,expiring,,,high,high,8,Dynadot Inc,19/10/2023 22:48,19/10/2026 23:59,03/10/2026 06:02
67a8d322-8afe-46ec-8f7d-1dbacb023309,crossbow.feedback,expiring,,,high,low,8,Tucows Registry Services,15/10/2015 19:36,15/10/2026 23:59,03/10/2026 05:35
81230b65-2c1e-47ab-9b25-ee324ab607a2,sexify.app,expiring,,,high,high,6,Porkbun LLC,26/10/2025 15:29,26/10/2026 15:29,03/10/2026 06:23
3e500d95-1551-4b61-a171-b6804efdb223,regulators.it,expiring,,,medium,low,10,,17/10/2011 17:03,27/10/2026 00:00,03/10/2026 06:25
6e8790c7-483b-487c-b265-3421a53fde5c,anwar.me,expiring,,,high,low,5,Dynadot Inc,28/10/2010 00:33,28/10/2026 00:33,03/10/2026 06:28
525a3b2e-5732-4789-a6eb-d6005d41819e,appreciate.club,expiring,,,high,low,10,Hosting Concepts B.V. d/b/a Registrar.eu,11/10/2021 15:35,11/10/2026 15:35,03/10/2026 05:18
ff931f65-d14d-414e-b912-5ea7890d4af9,oceans.design,expiring,,,high,low,6,Squarespace Domains II LLC,15/11/2019 13:38,15/11/2026 23:59,03/10/2026 07:53
e9298df6-c242-4bc8-ada2-478246e71648,pot.nyc,expiring,,,high,low,3,"Global Domains International, Inc. DBA DomainCostClub.com",18/10/2022 07:07,18/10/2026 07:07,03/10/2026 05:56
76a07a09-f156-466c-b55c-de80ec0eb9c4,labyrinth.foo,expiring,,,high,low,9,"CloudFlare, Inc.",27/10/2025 07:59,27/10/2026 07:59,03/10/2026 06:25
205a76e7-9505-4c38-9287-5a846dc50a98,real.run,expiring,,,high,medium,4,"Chengdu West Dimension Digital Technology Co., Ltd.",24/10/2016 17:34,24/10/2026 17:34,03/10/2026 06:17
90e0db18-b421-4a2f-91ad-d69ffa64c2c0,utile.works,expiring,,,high,low,5,"Ascio Technologies, Inc. Danmark - Filial af Ascio technologies, Inc. USA",12/10/2017 05:56,12/10/2026 05:56,03/10/2026 05:20
8e2f327b-ac5b-466f-be23-d075ad30afcd,tipsy.co,expiring,,,high,low,5,"GoDaddy.com, LLC",28/10/2023 17:00,28/10/2026 23:59,03/10/2026 06:31
31cfb8c4-9b97-481c-a000-1b10c58f6f6e,tracy.feedback,expiring,,,high,low,5,Tucows Registry Services,15/10/2015 19:37,15/10/2026 23:59,03/10/2026 05:47
5af1d7fe-1b73-4751-b3ff-75a806bdbe08,communist.live,expiring,,,high,low,9,"Sav.com, LLC - 34",10/11/2025 15:16,10/11/2026 15:16,03/10/2026 07:30
ba6edf6e-c62f-4b79-86db-00f886137b85,election.cam,expiring,,,high,low,8,"Spaceship, Inc.",03/11/2025 11:13,03/11/2026 23:59,03/10/2026 06:57
afe79e3b-a31c-48ec-b6ab-95b9845d820d,arden.love,expiring,,,high,low,5,Squarespace Domains II LLC,18/10/2021 03:06,18/10/2026 23:59,03/10/2026 05:58
10629fa9-b5de-4c47-9c05-21b2c467573d,creates.cam,expiring,,,medium,low,7,"Spaceship, Inc.",24/10/2025 01:21,24/10/2026 23:59,03/10/2026 06:18
3251f718-7b65-447b-8b1a-71b9bc3cc0c1,spur.media,expiring,,,high,low,4,"DNSPod, Inc.",22/10/2024 17:00,22/10/2026 17:00,03/10/2026 06:11
339f31ad-33d8-4cef-a9d5-35c019f4b1dc,mermaids.it,expiring,,,high,medium,8,,05/09/2010 01:36,08/10/2026 00:00,03/10/2026 05:04
54e61b8a-2952-4e87-bc37-e089e47ed161,govern.me,expiring,,,high,low,6,Porkbun LLC,06/10/2025 17:01,06/10/2026 17:01,03/10/2026 04:59
bf37f9b6-0ae3-4954-b2a5-bc680e774bb4,fisher.holdings,expiring,,,high,low,6,Squarespace Domains II LLC,26/10/2022 16:10,26/10/2026 16:10,03/10/2026 06:23
958f6bb1-32e5-491f-9ee4-b182ac7f8031,himalaya.foundation,expiring,,,high,low,8,Dynadot Inc,10/11/2019 03:43,10/11/2026 03:43,03/10/2026 07:28
8f5f4966-728c-427f-b245-737206fc54cf,and.xyz,expiring,,,high,medium,3,"Spaceship, Inc.",31/10/2023 02:18,31/10/2026 23:59,03/10/2026 06:41
bcaea843-dbde-43ee-b600-363407b40e52,food.bio,expiring,,,high,medium,4,"Xiamen ChinaSource Internet Service Co., Ltd",16/11/2025 15:15,16/11/2026 15:15,03/10/2026 17:58
8c09fd1e-ac9b-479f-b5b3-564cda891f46,mythical.me,expiring,,,high,low,8,Porkbun LLC,24/10/2025 17:13,24/10/2026 17:13,03/10/2026 06:17
ec2ad6a0-68bf-4b6b-912f-3f59dbd542ea,ranger.feedback,expiring,,,high,low,6,Tucows Registry Services,15/10/2015 19:37,15/10/2026 23:59,03/10/2026 05:44
edc5c769-6921-4da2-ad07-ad76f61e9a8a,legs.chat,expiring,,,high,low,4,Alibaba Cloud Computing Ltd. d/b/a HiChina (www.net.cn),30/10/2020 08:16,30/10/2026 08:16,03/10/2026 06:35
87f732df-c3fd-4581-84cd-21732fe9e300,famous.feedback,expiring,,,high,low,6,Tucows Registry Services,15/10/2015 19:37,15/10/2026 23:59,03/10/2026 05:37
9fd83fd1-0d27-4441-bee7-7eff238f1428,partition.pro,expiring,,,high,low,9,"Sav.com, LLC",23/10/2025 11:34,23/10/2026 11:34,03/10/2026 06:13
22242683-0a61-4534-9b45-87770d2a7753,black.to,expiring,,,high,medium,5,Tonic,15/11/2017 15:44,15/11/2026 15:43,03/10/2026 07:52
e6174667-2e08-4338-bb27-f70d843d13ee,apartment.feedback,expiring,,,high,low,9,Tucows Registry Services,15/10/2015 19:36,15/10/2026 23:59,03/10/2026 05:33
5a0fee09-7534-419e-8511-acab631e486b,clothes.fashion,expiring,,,high,low,7,"GoDaddy.com, LLC",20/10/2020 02:01,20/10/2026 02:01,03/10/2026 06:03
13421158-52ef-4055-a72d-e45c3f280c5e,functional.feedback,expiring,,,high,low,10,Tucows Registry Services,15/10/2015 19:37,15/10/2026 23:59,03/10/2026 05:38
4e259f3d-9314-48c4-acae-e688f8d4392a,afro.plus,expiring,,,high,low,4,"DNSPod, Inc.",31/10/2020 16:31,31/10/2026 16:31,03/10/2026 06:40
191322b1-6bfe-41aa-8d86-6d188f4e9f59,credit.city,expiring,,,high,low,6,"GoDaddy.com, LLC",11/10/2014 12:10,11/10/2026 12:10,03/10/2026 05:17
3a62186c-f73a-4d6e-9952-64078a5e4fde,mexicans.com,expiring,,,medium,low,8,Tucows Domains Inc.,09/11/1998 05:00,08/11/2026 05:00,03/10/2026 07:20
1b277c42-18b4-4ac1-883c-2570a2d9206c,supreme.living,expiring,,,high,medium,7,"Spaceship, Inc.",06/11/2024 13:46,06/11/2026 13:46,03/10/2026 07:10
79db1acd-ed0d-4cd5-83e8-f5fec6783311,clone.world,expiring,,,high,low,5,"Xiamen ChinaSource Internet Service Co., Ltd",10/11/2018 08:20,10/11/2026 08:20,03/10/2026 07:29
ee1c3f08-721b-43c3-a498-576bb73f75a6,checkmate.email,expiring,,,high,low,9,"Sav.com, LLC",28/10/2025 01:12,28/10/2026 01:12,03/10/2026 06:28
bf39e0f9-9442-432b-b03c-4cf80325d6e1,stimulus.world,expiring,,,high,low,8,"Sav.com, LLC - 18",04/10/2025 15:15,04/10/2026 15:15,03/10/2026 04:51
6afc6ef7-bdee-4e7e-a577-3283ce986744,nda.la,expiring,,,high,low,3,LA Domain Names,11/10/2020 08:15,11/10/2026 23:59,03/10/2026 05:20
b1813efc-08e5-4b04-95cc-e75d7acb8fb0,mcp.com,expiring,,,high,medium,3,Key-Systems GmbH,13/10/1994 04:00,12/10/2026 04:00,03/10/2026 05:20
587320f4-5430-4e2d-887b-a2c879bc0ac1,ads.cx,expiring,,,high,medium,3,West263 International Limited,08/10/2023 11:36,08/10/2026 11:36,03/10/2026 05:06
a0bbe0ff-ac39-4efb-b150-74a76cf21adf,mandate.ca,expiring,,,medium,low,7,Webnames.ca Inc.,31/10/2000 00:54,14/10/2026 04:00,03/10/2026 05:26
2f8b4024-8989-4029-b2ad-13ecde63eff9,finder.guide,expiring,,,high,low,6,1API GmbH,18/10/2017 08:29,18/10/2026 08:29,03/10/2026 05:56
8413285c-df4f-4183-a61a-f2739e51a2d3,reviewers.us,expiring,,,medium,low,9,"GoDaddy.com, LLC",06/11/2013 17:53,05/11/2026 23:59,03/10/2026 07:08
6d4d415b-fbe5-4a4f-9b5c-1e05013e3028,tweet.group,expiring,,,high,low,5,"Xiamen ChinaSource Internet Service Co., Ltd",19/10/2025 15:15,19/10/2026 15:15,03/10/2026 06:01
acb3334c-c6d0-489c-8b56-60f7c17249a6,ice.luxury,expiring,,,high,medium,3,"GoDaddy.com, LLC",10/11/2024 01:15,10/11/2026 23:59,03/10/2026 07:32
e547f233-b9a4-4d12-a1d4-20bfa39973a0,generations.homes,expiring,,,medium,low,11,"Spaceship, Inc.",01/11/2025 05:08,01/11/2026 23:59,03/10/2026 06:46
425b0517-a1d0-4f4e-b083-26b02276bcb8,plant.university,expiring,,,high,low,5,Squarespace Domains II LLC,09/11/2021 19:45,09/11/2026 19:45,03/10/2026 07:27
6dd7ac2d-1e2e-42eb-9d7a-24cb80ae5b81,clifton.feedback,expiring,,,medium,low,7,Tucows Registry Services,15/10/2015 19:36,15/10/2026 23:59,03/10/2026 05:35
29bb50f4-4c10-4fd7-b2cc-27b45055534c,pipefitter.net,expiring,,,high,high,11,"TurnCommerce, Inc. DBA NameBright.com",28/10/2002 08:50,28/10/2026 07:50,03/10/2026 06:29
9c86a852-e9ab-4fef-a1fc-fda02312fe6b,composition.group,expiring,,,medium,low,11,Squarespace Domains II LLC,04/11/2023 21:03,04/11/2026 21:03,03/10/2026 07:02
bb1839d6-ce56-460e-8599-06c549c2e4e7,gathering.life,expiring,,,high,low,9,"Sav.com, LLC - 8",14/10/2025 15:15,14/10/2026 15:15,03/10/2026 05:27
f3b8b259-0e10-49e1-b739-24dc428b694d,acres.tech,expiring,,,high,low,5,"NameCheap, Inc.",22/10/2023 17:43,22/10/2026 23:59,03/10/2026 06:11
4939dab4-2fb6-4847-9e46-ba6a7106ce49,shortest.ca,expiring,,,medium,low,8,PublicDomainRegistry.com Inc,05/10/2022 15:18,05/10/2026 15:18,03/10/2026 04:54
af30e253-8124-4d19-844c-6fc4aa9d0cd5,purple.feedback,expiring,,,high,medium,6,Tucows Registry Services,15/10/2015 19:37,15/10/2026 23:59,03/10/2026 05:44
720d352b-7406-455e-b66b-4ebccef05de6,cats.feedback,expiring,,,high,low,4,Tucows Registry Services,15/10/2015 19:36,15/10/2026 23:59,03/10/2026 05:34
3d16d668-80da-4acc-bf59-4eec9764b2e2,emulate.ac,expiring,,,high,low,7,"NameCheap, Inc.",13/10/2025 12:52,13/10/2026 12:52,03/10/2026 05:23
fe737413-de87-470a-b12c-46f4d92f4085,acm.black,expiring,,,high,low,3,Alibaba Cloud Computing Ltd. d/b/a HiChina (www.net.cn),10/11/2025 01:07,10/11/2026 01:07,03/10/2026 07:28
14b6ca02-460e-4ba7-b318-81152e9626db,any.bingo,expiring,,,high,medium,3,"GoDaddy.com, LLC",02/11/2021 00:34,02/11/2026 00:34,03/10/2026 06:47
7299e9ef-239e-4c0c-bc4b-eea2402e289f,anomaly.team,expiring,,,high,low,7,"Cloudflare, Inc",04/11/2025 23:46,04/11/2026 23:46,03/10/2026 07:02
767b868f-690d-401c-89ad-4fc4007dd7ba,event.vegas,expiring,,,high,medium,5,"$$$ Private Label Internet Service Kiosk, Inc. (dba ""PLISK.com"")",21/10/2019 21:09,21/10/2026 21:09,03/10/2026 10:57
99a4d2b3-9048-476c-ac57-476043bef8dd,reception.to,expiring,,,high,low,9,Tonic,13/11/2025 06:28,13/11/2026 06:28,03/10/2026 07:41
21cdbbbb-5fd6-42ff-b17b-ac44f8b5d131,roma.city,expiring,,,high,low,4,"Spaceship, Inc.",14/10/2022 13:15,14/10/2026 13:15,03/10/2026 05:27
69ebb781-9620-43ec-819f-e3a387a2a340,blob.money,expiring,,,medium,low,4,"NameCheap, Inc.",26/10/2022 08:35,26/10/2026 08:35,03/10/2026 06:22
92ec8f85-c1c3-45cd-a573-3319a63329c6,perplex.club,expiring,,,medium,low,7,"Chengdu West Dimension Digital Technology Co., Ltd.",01/11/2025 01:08,01/11/2026 01:08,03/10/2026 06:42
27021172-f760-4370-81db-bf20d1c3011e,phones.capital,expiring,,,high,low,6,Dynadot Inc,08/10/2025 17:00,08/10/2026 17:00,03/10/2026 05:07
25b4472f-aa20-4a1a-87a0-e0347c0c1d38,rna.cc,expiring,,,high,low,3,"Wild West Domains, LLC",12/10/2009 15:55,12/10/2026 15:55,03/10/2026 05:21
ab11f7c1-fbb0-4fc4-8090-d7c79f4d77fa,christina.family,expiring,,,high,low,9,Squarespace Domains II LLC,18/10/2021 03:07,18/10/2026 03:07,03/10/2026 05:56
63ae6954-2a81-4445-9b9a-739fa607b684,aime.top,expiring,,,high,low,4,阿里云计算有限公司,26/10/2023 04:50,26/10/2026 04:50,03/10/2026 12:58
d329e391-fb26-4c56-85e2-2e79ff0187e2,martian.group,expiring,,,high,low,7,"Chengdu West Dimension Digital Technology Co., Ltd.",14/11/2020 19:12,14/11/2026 19:12,03/10/2026 07:48
a2ae8d9e-d060-46e6-b5e8-78b45cea81c0,hartman.biz,expiring,,,high,low,7,"GoDaddy.com, LLC",07/11/2001 18:35,06/11/2026 23:59,03/10/2026 07:13
9aeac2c6-8a05-4f51-8a58-3fbe4e9cb3bc,logged.sh,expiring,,,medium,low,6,"Name.com, Inc.",18/10/2019 02:10,18/10/2026 02:10,03/10/2026 05:56
74ab1871-f38e-47e8-a821-c82ac88c9da4,electrical.doctor,expiring,,,high,low,10,"Blue Razor Domains, LLC",02/11/2016 16:00,02/11/2026 16:00,03/10/2026 06:50
0dce9bb0-43b9-429e-937b-e3cbe0d51253,holdup.ca,expiring,,,medium,low,6,Rebel.ca Corp.,08/10/2008 19:38,08/10/2026 04:00,03/10/2026 05:06
90538bbd-4347-47a8-8823-5687259644d3,grow.photo,expiring,,,high,medium,4,"GoDaddy.com, LLC",14/10/2015 03:06,14/10/2026 03:06,03/10/2026 05:26
14cfd434-7156-4115-9561-ecc1e65ff8ef,textbook.beauty,expiring,,,medium,low,8,"NameCheap, Inc.",22/10/2025 19:39,22/10/2026 23:59,03/10/2026 06:42
1650478c-8985-4c6c-aa3a-54bcf7129e90,adel.earth,expiring,,,high,low,4,Porkbun,05/10/2025 20:16,05/10/2026 20:16,03/10/2026 04:55
afbd3087-eff2-4bb7-bea0-805fef3b20a8,waving.ltd,expiring,,,high,low,6,Alibaba Cloud Computing Ltd. d/b/a HiChina (www.net.cn),15/11/2022 09:51,15/11/2026 09:51,03/10/2026 07:51
0e8e1f9d-488c-4702-ab3b-76521ba2b352,saying.ca,expiring,,,high,low,6,"Go Daddy Domains Canada, Inc",06/11/2024 19:31,06/11/2026 19:31,03/10/2026 07:12
8f20fdf5-f91f-4e65-998b-22d2ee69e1d3,kure.link,expiring,,,medium,low,4,"GMO Internet, Inc. d/b/a Onamae.com",28/10/2014 22:05,28/10/2026 22:05,03/10/2026 15:59
b38e9e81-dffa-4a44-9c99-b9750c1996e0,eve.feedback,expiring,,,high,medium,3,Tucows Registry Services,15/10/2015 19:37,15/10/2026 23:59,03/10/2026 05:37
509d10f9-f365-4755-9ac3-e8896e039849,influencing.me,expiring,,,high,low,11,"GoDaddy.com, LLC",17/10/2010 04:28,17/10/2026 04:28,03/10/2026 05:53
7522bb40-d610-4fb2-829d-55a7713e0a26,centre.beauty,expiring,,,high,low,6,"Spaceship, Inc.",17/10/2025 20:30,17/10/2026 23:59,03/10/2026 05:55
b3f7e3d0-9bd1-4d56-8c0f-c40c1732acfd,sneaker.plus,expiring,,,high,low,7,"Xiamen ChinaSource Internet Service Co., Ltd",08/10/2025 15:16,08/10/2026 15:16,03/10/2026 05:06
4589c17c-bfc0-4d9e-b14d-d8a4c835eb83,secrecy.ninja,expiring,,,high,low,7,Tucows Domains Inc.,14/10/2025 13:52,14/10/2026 13:52,03/10/2026 05:27
d4b4e881-12df-46bc-9bd9-57171314cd68,durham.cloud,expiring,,,high,low,6,"Amazon Registrar, Inc.",12/11/2020 17:40,12/11/2026 17:40,03/10/2026 07:38
28ade8f1-a18a-42dc-a199-a30a74a7d992,medial.agency,expiring,,,high,low,6,"GoDaddy.com, LLC",22/10/2022 21:01,22/10/2026 21:01,03/10/2026 06:11
1cd149fb-f60e-40d3-8f37-b5b6b4c0d70a,liked.life,expiring,,,high,low,5,"Sav.com, LLC",12/10/2025 20:27,12/10/2026 20:27,03/10/2026 05:21
2db702a3-1f62-4a94-9a24-7fca24c87415,classrooms.org,expiring,,,high,low,10,Dynadot Inc,11/11/1999 22:54,11/11/2026 22:54,03/10/2026 07:35
fda1fe94-173e-4b4b-bd4f-22b25a59dfbd,cypher.best,expiring,1150,29.99,high,medium,6,"NameSilo, LLC",06/10/2025 04:32,06/10/2026 23:59,03/10/2026 05:00
fcc9f2f1-ab8e-4fdc-a742-f259a539bc57,diode.repair,expiring,,,high,low,5,InterNetX GmbH,18/10/2014 17:35,18/10/2026 17:35,03/10/2026 05:58
33da5211-e422-49cb-83c2-b53933e1d923,parchment.co,expiring,,,high,low,9,"GoDaddy.com, LLC",05/11/2015 20:36,04/11/2026 23:59,03/10/2026 07:03
ea9f814a-1015-459d-a2ff-0a626ce78ade,nia.uno,expiring,,,high,low,3,"GoDaddy.com, LLC",01/11/2019 14:53,01/11/2026 23:59,03/10/2026 06:47
2a4e8cb8-843a-4459-a228-afc34803b734,coworkers.in,expiring,,,medium,low,9,"Dynadot, LLC",01/11/2024 20:01,01/11/2026 20:01,03/10/2026 06:45
c3e3bd64-a68c-49d4-b09e-20eec9cf4368,future.city,expiring,,,high,medium,6,"Spaceship, Inc.",04/10/2014 16:00,04/10/2026 16:00,03/10/2026 04:51
f8103eff-c88f-4813-a4ec-710554b9f3f7,antonov.sh,expiring,,,high,low,7,"Regional Network Information Center, JSC dba RU-CENTER",24/10/2022 00:20,24/10/2026 00:20,03/10/2026 17:03
19920e36-e6dd-4895-94b9-d700f0d5a62e,compound.cam,expiring,,,high,low,8,"Spaceship, Inc.",15/11/2025 22:16,15/11/2026 23:59,03/10/2026 07:53
40e5aac7-8e1d-4210-ac6d-67a78292c539,marijuana.courses,expiring,,,high,low,9,"GoDaddy.com, LLC",20/10/2015 09:01,20/10/2026 09:01,03/10/2026 06:04
05ab19d0-5d8c-4bc9-97d7-2dc1eb39713b,baikal.io,expiring,,,high,low,6,"Sav.com, LLC",14/11/2023 13:15,14/11/2026 13:15,03/10/2026 07:46
28c2a12e-2349-4bdf-a4eb-0d3248d0ce14,vance.feedback,expiring,,,high,low,5,Tucows Registry Services,15/10/2015 19:37,15/10/2026 23:59,03/10/2026 05:48
647ae8b9-0524-4cdc-be63-ae0891ec9e62,parking.to,expiring,,,high,low,7,Variomedia AG,23/10/2008 03:28,23/10/2026 03:28,03/10/2026 06:12
ae9f0ec9-f58f-491b-bec8-826005770d58,quad.email,expiring,,,high,low,4,"Cloudflare, Inc",15/11/2025 19:28,15/11/2026 19:28,03/10/2026 07:53
a4bf03bc-aed5-4971-8439-9aeec5160afd,reimbursed.net,expiring,,,medium,low,10,"GoDaddy.com, LLC",08/10/2007 05:27,08/10/2026 05:27,03/10/2026 05:05
65e6bbca-c91c-4168-bacf-00d7aa556738,plot.company,expiring,,,high,low,4,Dynadot Inc,05/10/2025 16:46,05/10/2026 16:46,03/10/2026 04:55
dea9394d-af6b-4a27-bf4c-083c88259306,enforce.vc,expiring,,,high,low,7,"GoDaddy.com, LLC",12/11/2021 22:23,12/11/2026 22:23,03/10/2026 07:39
891dee94-c0c6-413e-9f1d-d1800c3e93dc,olympia.feedback,expiring,,,high,low,7,Tucows Registry Services,15/10/2015 19:37,15/10/2026 23:59,03/10/2026 05:43
66b8c674-158c-4d36-84df-8eb9e4879442,marketing.email,expiring,,,high,medium,9,"NameCheap, Inc.",05/10/2025 15:15,05/10/2026 15:15,03/10/2026 04:54
bcae69c7-6971-400d-893a-ecb6c11f194c,rebecca.feedback,expiring,,,high,low,7,Tucows Registry Services,15/10/2015 19:37,15/10/2026 23:59,03/10/2026 05:44
b5c8a585-3e46-420f-9075-a66f2f306dbf,teenage.biz,expiring,,,high,low,8,"GoDaddy.com, LLC",31/10/2003 17:00,30/10/2026 23:59,03/10/2026 06:38
3379dced-5b51-4a11-9f51-088c980d1573,racing.cc,expiring,,,high,low,6,"GoDaddy.com, LLC",16/11/2005 16:51,16/11/2026 16:51,03/10/2026 07:56
63f98d91-dff3-4db1-bb60-b38b85d4445f,district.wtf,expiring,,,high,low,8,"Sav.com, LLC - 19",22/10/2025 15:15,22/10/2026 15:15,03/10/2026 06:10
606c0f04-e853-47a7-8dcd-a40f26118f8a,laptops.wiki,expiring,,,medium,low,7,Porkbun,27/10/2022 04:53,27/10/2026 04:53,03/10/2026 06:25
39fc4d4f-6a7a-41ed-be1b-6e941ceee4e6,items.forsale,expiring,,,high,low,5,Squarespace Domains II LLC,16/11/2019 05:13,16/11/2026 05:13,03/10/2026 13:40
30fac0ca-a239-472d-9e25-36cafa535f02,headache.health,expiring,,,high,low,8,"GoDaddy.com, LLC",07/11/2023 21:55,07/11/2026 21:55,03/10/2026 07:18
064999a4-c406-4a77-8a4f-c14bfe56b6fd,exec.la,expiring,,,high,low,4,LA Domain Names,03/11/2023 08:15,03/11/2026 23:59,03/10/2026 06:57
fcfe7882-87af-47da-bcdf-6f8e3d0542fb,appro.club,expiring,,,medium,low,5,"Chengdu West Dimension Digital Technology Co., Ltd.",01/11/2025 01:03,01/11/2026 01:03,03/10/2026 06:42
e8d7ec8f-cfec-4dbf-ad31-ef71d36099d3,giant.wtf,expiring,,,high,low,5,"Sav.com, LLC - 4",15/10/2025 15:15,15/10/2026 15:15,03/10/2026 05:31
734613cf-c53f-4997-95c8-634de8703954,runners.feedback,expiring,,,high,low,7,Tucows Registry Services,15/10/2015 19:37,15/10/2026 23:59,03/10/2026 05:45
2076cbb0-c46d-47ee-b787-8487a41dfa2e,patch.careers,expiring,,,high,medium,5,"Key-Systems, LLC",29/10/2021 20:36,29/10/2026 20:36,03/10/2026 06:33
0f15d8a8-4d4b-4d30-b550-054d76b8c46b,geek.email,expiring,,,high,low,4,"Xiamen ChinaSource Internet Service Co., Ltd",01/11/2024 17:00,01/11/2026 17:00,03/10/2026 06:44
bbbc308d-31b7-41f6-bc85-72e9586719e4,sideways.life,expiring,,,high,low,8,Squarespace Domains II LLC,18/10/2023 15:15,18/10/2026 15:15,03/10/2026 05:57
06156fbf-6644-41fd-bafa-301d54892757,hervey.casa,expiring,,,medium,low,6,"NameCheap, Inc.",04/10/2025 06:27,04/10/2026 06:27,03/10/2026 04:50
61dd0959-2538-4c02-9150-0bff735132de,lay.llc,expiring,,,high,low,3,Porkbun LLC,14/10/2020 10:57,14/10/2026 10:57,03/10/2026 05:27
25ac394d-1ea3-4d5c-9903-d47faddf3421,hank.it,expiring,,,high,low,4,,28/10/2009 21:01,04/11/2026 00:00,03/10/2026 06:57
76f850c2-56d7-47a3-80da-55c7a150a55a,aimee.feedback,expiring,,,medium,low,5,Tucows Registry Services,15/10/2015 19:36,15/10/2026 23:59,03/10/2026 05:32
1afe9fc0-6989-45b2-8537-bca9076eb508,optional.info,expiring,,,high,low,8,Dynadot Inc,31/10/2025 17:00,31/10/2026 17:00,03/10/2026 06:40
aa57285c-feed-49a8-99fe-33d293826afc,deli.feedback,expiring,,,high,low,4,Tucows Registry Services,15/10/2015 19:37,15/10/2026 23:59,03/10/2026 05:36
89a37455-3096-43de-b3b4-a598845f28de,stormy.run,expiring,,,medium,low,6,"Amazon Registrar, Inc.",08/11/2025 18:19,08/11/2026 18:19,03/10/2026 07:23
41fd8304-48b1-47bc-9171-c363c61b0cbd,seb.day,expiring,,,high,medium,3,"CloudFlare, Inc.",11/11/2025 07:08,11/11/2026 07:08,03/10/2026 12:11
25d5e9fa-066b-48a8-a33f-11ae92a4a126,accepting.work,expiring,,,high,low,9,"Cloudflare, Inc.",05/11/2025 16:14,05/11/2026 16:14,03/10/2026 07:06
20a8c64c-6448-44ca-a8e1-b1f72c0ee259,interactive.me,expiring,,,high,medium,11,"NameCheap, Inc.",16/10/2025 15:15,16/10/2026 15:15,03/10/2026 05:50
4d7b9b9f-b4a3-4615-92fd-778bb18752c0,feed.contact,expiring,,,high,low,4,"Cloudflare, Inc",26/10/2021 07:07,26/10/2026 07:07,03/10/2026 06:22
81273ff5-3c54-4566-90e1-3cb623b2bbbd,ignacio.feedback,expiring,,,medium,low,7,Tucows Registry Services,15/10/2015 19:37,15/10/2026 23:59,03/10/2026 05:39
31610d01-dd28-447b-ba38-100fb1ba77d3,story.green,expiring,,,high,medium,5,"Sav.com, LLC - 14",11/11/2025 15:15,11/11/2026 15:15,03/10/2026 07:34
1128704a-2875-475a-94cd-6c442d7661f1,overseer.cloud,expiring,,,high,low,8,Cloudflare,14/11/2024 02:36,14/11/2026 02:36,03/10/2026 11:48
8156dd05-f69e-45ee-aabb-af8b14e169be,lion.lat,expiring,,,high,medium,4,Dynadot Inc,22/10/2025 16:57,22/10/2026 23:59,03/10/2026 06:12
f204a7c3-cf2f-4e02-b024-3e0d41a0ad15,signature.bot,expiring,,,high,medium,9,Porkbun LLC,02/11/2023 21:14,02/11/2026 21:14,03/10/2026 06:52
e2f3d99c-da2e-4078-b67b-19d317c7d83b,nacl.cloud,expiring,,,high,low,4,NAMECHEAP,12/11/2025 12:28,12/11/2026 12:28,03/10/2026 07:37
879b31f1-5354-4d38-8705-c5a9acf5c1d2,cement.moe,expiring,,,high,low,6,"NameCheap, Inc.",10/11/2025 20:44,10/11/2026 20:44,03/10/2026 07:31
84aa167b-9144-4f6d-9f75-4fa7f54ec1c4,newbie.mx,expiring,,,high,low,6,Tucows.com Co.,21/10/2020 00:00,21/10/2026 00:00,03/10/2026 06:07
e990fad7-7498-4b86-8a06-d41299961419,leap.run,expiring,,,high,medium,4,"Sav.com, LLC - 23",13/10/2025 15:16,13/10/2026 15:16,03/10/2026 09:41
d1eecb9e-bae9-435d-b6fc-8d91109d4c1a,micron.site,expiring,,,high,high,6,Dominet (HK) Limited,24/10/2025 05:11,24/10/2026 23:59,03/10/2026 06:18
a67e1369-89c1-4b80-8347-8f9484361dcd,axially.space,expiring,,,high,low,7,"NameCheap, Inc.",10/10/2025 20:05,10/10/2026 23:59,03/10/2026 05:15
18c1a9ee-16f9-448c-ac14-2e56b532bbfd,amaze.health,expiring,,,high,low,5,"Spaceship, Inc.",17/10/2025 00:01,17/10/2026 00:01,03/10/2026 05:52
acb2ad42-3400-4563-b24e-3c2d07a67cbf,infirmary.org,expiring,,,high,low,9,"Name.com, Inc.",14/10/2010 03:55,14/10/2026 03:55,03/10/2026 05:26
45e52e18-cbc5-41ba-8d98-ed03fdba2202,scrubbed.com,expiring,,,high,low,8,Epik LLC,24/10/2001 18:02,24/10/2026 18:02,03/10/2026 06:18
e7deee6e-f478-449a-9b65-acc7f0ee34d0,guarantee.life,expiring,,,high,low,9,Squarespace Domains II LLC,24/10/2019 08:29,24/10/2026 08:29,03/10/2026 06:16
35124a84-f58d-4284-b21d-32bfb42cd86f,kangaroo.icu,expiring,,,high,low,8,Alibaba Cloud Computing Ltd. d/b/a HiChina (www.net.cn),14/10/2025 02:01,14/10/2026 23:59,03/10/2026 05:29
53e7fcb2-493c-459f-a0c8-d6e4ec35ab3c,neon.store,expiring,,,high,medium,4,West263 International Limited,06/11/2018 19:29,06/11/2026 23:59,03/10/2026 07:14
c6ccc553-6163-4a45-9d39-1b2906dc3fbd,viking.feedback,expiring,,,high,high,6,Tucows Registry Services,15/10/2015 19:37,15/10/2026 23:59,03/10/2026 05:48
dad9fc81-9223-4d5d-b2a3-6b1657e5fcc7,corey.guru,expiring,,,high,low,5,"NameCheap, Inc.",10/10/2025 16:43,10/10/2026 16:43,03/10/2026 05:14
d34090e9-d118-4d44-a72e-1c988f299ee9,leonard.feedback,expiring,,,high,low,7,Tucows Registry Services,15/10/2015 19:37,15/10/2026 23:59,03/10/2026 05:41
1b203236-7076-4169-9311-2c65978d2233,curve.best,expiring,,,high,low,5,"NameCheap, Inc.",04/11/2025 17:52,04/11/2026 23:59,03/10/2026 07:03
8c0948cd-cf87-4e1b-9705-75b96a03d09e,thrown.cc,expiring,,,medium,low,6,"NameSilo, LLC",22/10/2025 00:05,22/10/2026 00:05,03/10/2026 06:09
90236d20-a61c-4190-9b8a-6abdd7f2b533,mimi.feedback,expiring,,,high,low,4,Tucows Registry Services,15/10/2015 19:37,15/10/2026 23:59,03/10/2026 05:42
7dcc9686-1ab2-4b63-a401-28d61f45617e,clean.sale,expiring,,,high,low,5,"DNSPod, Inc.",08/11/2021 00:13,08/11/2026 00:13,03/10/2026 07:19
495eda40-c94a-4930-834b-8cea90b75372,settings.bet,expiring,,,medium,low,8,"Sav.com, LLC",14/11/2025 19:16,14/11/2026 19:16,03/10/2026 07:48
ba36bcc1-c7a2-4180-b673-ab8468223c57,statuary.in,expiring,,,medium,low,8,"HOSTINGER operations, UAB",07/10/2024 20:35,07/10/2026 20:35,03/10/2026 05:03
57c82e12-a49a-48d1-9fff-cb5d1ae863c6,battle.team,expiring,,,high,low,6,"Xiamen ChinaSource Internet Service Co., Ltd",18/10/2023 15:15,18/10/2026 15:15,03/10/2026 05:57
e26dda23-106b-47f2-b3fd-092813343d6b,cum.fast,expiring,,,high,low,3,"NameCheap, Inc",07/10/2025 14:12,07/10/2026 14:12,03/10/2026 05:02
7cccbbca-e13c-41af-af20-d798750ad89a,savage.in,expiring,,,high,low,6,Suryanandan.net,07/10/2017 20:01,07/10/2026 20:01,03/10/2026 05:03
0a2686f8-67a0-42da-be5e-ab1d6947d246,abode.page,expiring,,,high,low,5,Squarespace Domains II LLC.,09/11/2022 00:19,09/11/2026 00:19,03/10/2026 07:25
e484cd69-28e6-4d67-a0b3-ce6f7fd1d925,traveler.health,expiring,,,high,low,8,"Spaceship, Inc.",23/10/2025 02:25,23/10/2026 02:25,03/10/2026 06:12
d077c3f7-37b8-4913-a123-835bfe354da0,nin.live,expiring,,,high,low,3,Porkbun LLC,21/10/2020 07:56,21/10/2026 07:56,03/10/2026 06:07
30ce13ab-94c0-4c28-9b38-e5a773ba134e,mainz.click,expiring,,,high,low,5,NAMECHEAP,27/10/2025 02:19,27/10/2026 02:19,03/10/2026 06:25
fdeaa6eb-99b0-41f0-a81e-4e35818dd7b3,blow.group,expiring,,,high,low,4,"Sav.com, LLC - 37",15/11/2025 15:15,15/11/2026 15:15,03/10/2026 07:52
a68b7560-b165-4121-b674-24f0321c546d,thriving.icu,expiring,,,high,low,8,Alibaba Cloud Computing Ltd. d/b/a HiChina (www.net.cn),11/11/2025 08:11,11/11/2026 23:59,03/10/2026 07:36
a23a8017-1c4f-40f0-a765-8a7fdb24c1df,kit.ventures,expiring,,,high,medium,3,Porkbun LLC,10/11/2024 20:43,10/11/2026 20:43,03/10/2026 07:31
8654b4b0-bd64-484e-88cc-988faa1c9347,boom.show,expiring,,,high,medium,4,"GoDaddy.com, LLC",02/11/2023 07:42,02/11/2026 07:42,03/10/2026 06:48
79347cf3-f410-47a6-9365-140f1a2d1259,motel.now,expiring,,,high,low,5,"NameCheap, Inc.",16/11/2024 08:35,16/11/2026 08:35,03/10/2026 07:55
7095af39-b65c-48d9-ab06-965727fc028a,selling.biz,expiring,,,high,low,7,"NameSilo, LLC",18/10/2021 19:38,18/10/2026 19:38,03/10/2026 05:58
76c7e06f-81da-40bc-922b-9206c9adae08,telescopes.rent,expiring,,,medium,low,10,"Spaceship, Inc.",21/10/2023 20:42,21/10/2026 23:59,03/10/2026 06:09
d7be035d-57e0-4c57-9145-fa1e8484aa03,provision.my,expiring,59225,,high,low,9,"Spaceship, Inc.",07/11/2025 13:54,07/11/2026 13:54,03/10/2026 07:16
5e3b8685-72cb-466b-a3fe-93542cd939d3,asgard.vip,expiring,,,high,low,6,"Spaceship, Inc.",31/10/2025 16:52,31/10/2026 16:52,03/10/2026 06:40
3bd4f683-be32-4974-8c80-6cefcfbd26b4,giants.it,expiring,,,high,medium,6,,03/11/2020 09:00,15/11/2026 00:00,03/10/2026 07:50
63e1f186-afa3-4026-8c21-00112eda9fc5,mathematics.ltd,expiring,,,high,low,11,"DNSPod, Inc.",26/10/2024 02:57,26/10/2026 02:57,03/10/2026 06:22
c27e7842-8fb8-4747-9781-f334d9b61564,blank.fail,expiring,,,high,medium,5,1API GmbH,21/10/2016 09:08,21/10/2026 09:08,03/10/2026 06:07
34d59fbf-063d-4309-9afd-9893ba63a4eb,larissa.feedback,expiring,,,medium,low,7,Tucows Registry Services,15/10/2015 19:37,15/10/2026 23:59,03/10/2026 05:40
95d7971a-22ca-49a5-86e1-32dfc3903bfc,ably.ca,expiring,,,medium,low,4,Domain Robot Enterprises Inc.,07/10/2011 05:53,07/10/2026 05:53,03/10/2026 05:01
59e67c8b-022c-497d-86ca-f764a2b974e1,tap.show,expiring,,,high,medium,3,"Chengdu West Dimension Digital Technology Co., Ltd.",11/11/2023 15:15,11/11/2026 15:15,03/10/2026 07:34
801442d9-def0-4a83-a53c-bb6158d926db,simply.feedback,expiring,,,high,medium,6,Tucows Registry Services,15/10/2015 19:37,15/10/2026 23:59,03/10/2026 05:46
5ef7afd0-74cd-4a46-96cb-f1b57b88086a,sweat.global,expiring,,,high,low,5,"Xiamen ChinaSource Internet Service Co., Ltd",12/10/2025 15:16,12/10/2026 15:16,03/10/2026 05:21
25adfec6-d06c-4fd1-96f0-814c6e011483,louisville.feedback,expiring,,,high,low,10,Tucows Registry Services,15/10/2015 19:37,15/10/2026 23:59,03/10/2026 05:41
aba80e64-f6c6-40e9-a41f-8f22c9ee9592,eng.network,expiring,,,high,low,3,1API GmbH,31/10/2016 02:36,31/10/2026 02:36,03/10/2026 06:39
c6153f7f-157a-426f-b42e-954d5bc5482d,bazaar.feedback,expiring,,,high,low,6,Tucows Registry Services,15/10/2015 19:36,15/10/2026 23:59,03/10/2026 05:33
cd8bfcd9-5eaa-4cfb-920f-e5144bf8fbc5,sbit.net,expiring,,,high,high,4,Global Village GmbH,21/10/1999 02:12,21/10/2026 02:12,03/10/2026 06:06
80188531-ce50-4b03-86af-b66cd9879b5b,franchise.plus,expiring,,,high,low,9,"DNSPod, Inc.",09/11/2018 16:17,09/11/2026 16:17,03/10/2026 07:26
77b8ba7d-f998-4459-bc7b-1b910cd7340c,hobo.codes,expiring,,,high,low,4,"Cloudflare, Inc",11/11/2025 21:43,11/11/2026 21:43,03/10/2026 20:25
a1447ba6-5170-435d-8b00-7e7664c7ce2a,transfer.taxi,expiring,,,high,low,8,"NameCheap, Inc.",10/11/2025 12:45,10/11/2026 12:45,03/10/2026 07:29
c8c05218-a821-4485-87dc-f55d1c6c9179,feel.associates,expiring,,,high,low,4,1API GmbH,15/10/2019 04:06,15/10/2026 04:06,03/10/2026 05:30
0e2a4105-b70e-4211-b5e0-bba84c22238e,des.xyz,expiring,,,high,low,3,"Chengdu West Dimension Digital Technology Co., Ltd.",24/10/2016 17:29,24/10/2026 23:59,03/10/2026 06:18
6eb8e326-0a9f-4278-a7d2-751f17580c49,lantern.sh,expiring,,,high,low,7,"NameCheap, Inc.",18/10/2025 20:31,18/10/2026 20:31,03/10/2026 05:58
1c263e08-642f-4472-a5c7-a95328829d4b,molotov.pro,expiring,,,high,low,7,Registrar of Domain Names REG.RU LLC,26/10/2025 18:11,26/10/2026 18:11,03/10/2026 06:24
44327103-c761-4c00-a1eb-5c53e9a2315c,graphite.today,expiring,,,high,low,8,"GoDaddy.com, LLC",03/11/2023 18:34,03/11/2026 18:34,03/10/2026 06:56
b0bdf7c7-bf66-4612-82f7-bef2a8870231,color.tools,expiring,,,high,low,5,"Ascio Technologies, Inc. Danmark - Filial af Ascio technologies, Inc. USA",20/10/2015 07:31,20/10/2026 07:31,03/10/2026 06:03
ebd5f91d-a02b-4f57-ae46-e1e72679e5ec,license.world,expiring,,,high,low,7,"DNSPod, Inc.",01/11/2023 15:15,01/11/2026 15:15,03/10/2026 06:44
e0807623-48ef-40f9-80b9-9d2e8129eae6,september.press,expiring,,,high,low,9,"GoDaddy.com, LLC",07/11/2024 08:10,07/11/2026 23:59,03/10/2026 07:18
b00cced3-4b39-4f68-91c1-f2894fd9fb44,clarice.feedback,expiring,,,high,low,7,Tucows Registry Services,15/10/2015 19:36,15/10/2026 23:59,03/10/2026 05:35
6e785ec6-2356-44ed-9a1a-a122c3457401,opportunism.it,expiring,,,high,medium,11,,06/10/2012 12:19,20/10/2026 00:00,03/10/2026 06:03
1edd34db-d704-4f6d-b9dd-6c449f6b4aa2,seeker.us,expiring,,,high,low,6,"GoDaddy.com, LLC",10/11/2011 18:06,09/11/2026 23:59,03/10/2026 07:28
b941fc2a-7c0c-42ad-a3f0-15d65cb1d2c8,responses.app,expiring,,,high,low,9,"GoDaddy.com, LLC",12/10/2025 16:40,12/10/2026 16:40,03/10/2026 05:21
85ec5e62-35cd-4c5f-bed5-9055bf92e9c6,coins.house,expiring,,,high,medium,5,"Spaceship, Inc.",13/11/2025 22:07,13/11/2026 22:07,03/10/2026 07:44
c8174765-57b4-43b4-9edc-1930e81e8b99,finding.asia,expiring,,,high,low,7,"GMO Internet Group, Inc. d/b/a Onamae.com",02/11/2010 11:53,02/11/2026 11:53,03/10/2026 06:49
2701a75f-2fd3-46e2-a3a7-016f1fcca757,satisfaction.media,expiring,,,high,low,12,Tucows Domains Inc.,09/11/2021 01:40,09/11/2026 01:40,03/10/2026 07:25
34315b38-399e-4576-8b6a-990e3f562f0e,ingame.store,expiring,,,high,high,7,"Regional Network Information Center, JSC dba RU-CENTER",17/10/2025 06:19,17/10/2026 23:59,03/10/2026 05:55
7c57bccf-f85e-4fef-ba8e-3264af1a1497,ral.asia,expiring,,,high,low,3,PS Internet company LLP,20/10/2025 18:16,20/10/2026 18:16,03/10/2026 06:05
24d38c5a-65ed-4290-867c-523d463df3a8,insomnia.show,expiring,,,high,low,8,"Key-Systems, LLC",31/10/2025 22:16,31/10/2026 22:16,03/10/2026 06:41
0e59e775-877b-4c0e-b69b-7d0bf2e3839b,detailing.design,expiring,,,high,low,9,OVH sas,23/10/2024 22:10,23/10/2026 22:10,03/10/2026 06:15
4dc6e06a-93ab-49a4-83f9-14cdb7cf9f4b,move.fast,expiring,,,high,medium,4,"Spaceship, Inc.",06/10/2025 17:33,06/10/2026 17:33,03/10/2026 04:59
8fc8ff77-bc43-4cfe-b86f-03a5ed56e341,experience.health,expiring,,,high,medium,10,"GoDaddy.com, LLC",07/11/2023 21:19,07/11/2026 21:19,03/10/2026 07:18
5d5cb6ff-5a57-465b-b2b0-cf09f55ef5b2,contract.group,expiring,,,high,low,8,"Chengdu West Dimension Digital Technology Co., Ltd.",29/10/2019 08:31,29/10/2026 08:31,03/10/2026 06:32
56972492-7dba-46bc-8c4a-9cc72437e96e,cone.today,expiring,,,high,low,4,"Regional Network Information Center, JSC dba RU-CENTER",04/11/2024 19:32,04/11/2026 19:32,03/10/2026 07:01
038a0486-82d6-46d3-a347-95e7b4fe8007,board.feedback,expiring,,,high,low,5,Tucows Registry Services,15/10/2015 19:36,15/10/2026 23:59,03/10/2026 05:34
3a7ff485-47e6-4fff-93eb-c62c0fe67914,sales.feedback,expiring,,,high,medium,5,Tucows Registry Services,15/10/2015 19:37,15/10/2026 23:59,03/10/2026 05:45
6b94ba50-aee4-4809-8a66-bd43e2434727,homeless.gallery,expiring,,,high,low,8,"GoDaddy.com, LLC",15/10/2018 08:27,15/10/2026 08:27,03/10/2026 05:30
21eda777-f034-4aa5-849c-87ede8042712,pluto.pub,expiring,,,high,low,5,Alibaba Cloud Computing Ltd. d/b/a HiChina (www.net.cn),05/10/2016 03:06,05/10/2026 03:06,03/10/2026 04:53
47a0217a-8ad2-49b0-976b-5c3a5bc170ed,health.voto,expiring,,,high,medium,6,"Sav.com, LLC - 48",24/10/2025 15:15,24/10/2026 15:15,03/10/2026 20:51
2c775e71-ce81-48f6-97f6-778e9734fe49,illusive.life,expiring,,,medium,low,8,"GoDaddy.com, LLC",26/10/2025 21:41,26/10/2026 21:41,03/10/2026 06:24
c0f6fe24-ea80-473e-945c-2f5113029b65,jesus.singles,expiring,,,high,medium,5,Cronon GmbH,21/10/2017 11:27,21/10/2026 11:27,03/10/2026 06:07
840af02c-be66-4acb-848a-bc40a6f2967b,fifth.design,expiring,,,high,low,5,Dynadot Inc,15/10/2025 08:32,15/10/2026 08:32,03/10/2026 05:30
f56a7857-6023-473d-ad9f-c7ad1e496321,baron.cloud,expiring,,,high,low,5,"Marcaria.com International, Inc.",28/10/2025 20:46,28/10/2026 20:46,03/10/2026 06:31
9b1efbe8-8c84-4de9-bcdf-87918db3d0a7,ostrich.one,expiring,,,high,low,7,"Spaceship, Inc.",09/11/2025 04:31,09/11/2026 04:31,03/10/2026 07:25
28557e34-d9c3-468f-aab8-bfbb8d162449,enforce.health,expiring,,,high,low,7,Squarespace Domains II LLC,10/11/2022 18:52,10/11/2026 18:52,03/10/2026 07:31
0cde590b-0f81-4f3f-88f8-3ea4a52a24a6,evening.cam,expiring,,,high,low,7,Porkbun LLC,06/10/2025 01:36,06/10/2026 23:59,03/10/2026 05:00
7a4ddc2c-f848-4116-9a52-06e301b3c14e,annon.net,expiring,,,medium,low,5,"Spaceship, Inc.",27/10/2020 18:29,27/10/2026 18:29,03/10/2026 06:27
a5d85084-d87a-42c7-aad9-fdc70b2809b4,rendezvous.biz,expiring,,,high,low,10,"NameCheap, Inc.",09/10/2025 10:48,09/10/2026 10:48,03/10/2026 05:09
4fbc4d89-db66-4721-b478-62e7b4a4442e,buddy.dog,expiring,,,high,medium,5,West263 International Limited,24/10/2024 17:00,24/10/2026 17:00,03/10/2026 06:17
02df3d20-6729-42e9-8168-ace403fdcb20,wiring.world,expiring,,,high,low,6,"Sav.com, LLC - 2",13/10/2025 15:16,13/10/2026 15:16,03/10/2026 05:24
8c2a62b1-1b53-4c97-b4b5-0c2029fd7179,kind.care,expiring,,,high,low,4,"Spaceship, Inc.",30/10/2020 08:08,30/10/2026 08:08,03/10/2026 06:35
3a93773d-6622-433f-b91f-342834b84c88,facet.design,expiring,,,high,low,5,Dynadot Inc,15/10/2025 09:47,15/10/2026 09:47,03/10/2026 05:30
a4c752ed-5e6e-40d1-9dfb-cac9acf21a9a,guys.tax,expiring,,,high,low,4,"Xiamen ChinaSource Internet Service Co., Ltd",27/10/2025 15:15,27/10/2026 15:15,03/10/2026 06:26
32e160e6-94e8-4c0e-aba2-2ee7ad837232,sync.build,expiring,,,high,medium,4,Tucows Domains Inc.,11/11/2023 01:30,11/11/2026 23:59,03/10/2026 07:36
c4107f4b-3218-4c3f-86a0-0690d1bc7788,prop.feedback,expiring,,,high,low,4,Tucows Registry Services,15/10/2015 19:37,15/10/2026 23:59,03/10/2026 05:44
e7823e07-652f-4cad-8d7a-6db5c8cdba71,irregular.site,expiring,,,high,low,9,"GoDaddy.com, LLC",06/11/2025 14:17,06/11/2026 23:59,03/10/2026 07:14
3aaa015c-40bb-4d2c-9924-4ea82b8ed3d6,ice.finance,expiring,,,high,medium,3,Dynadot Inc,28/10/2020 05:18,28/10/2026 05:18,03/10/2026 06:28
1616d355-e3f2-42ad-a20d-0db3cdaa8033,hopi.site,expiring,,,high,high,4,"NameCheap, Inc.",09/10/2025 19:47,09/10/2026 23:59,03/10/2026 05:12
dbdcb35c-a9af-4e37-9562-e3820b177e49,broadway.page,expiring,,,high,low,8,"GoDaddy.com, LLC",09/10/2018 17:43,09/10/2026 17:43,03/10/2026 05:11
b5ef9869-17b4-46fe-b5a5-a52a4a45bd72,polka.tips,expiring,,,high,low,5,"NameCheap, Inc.",25/10/2020 01:10,25/10/2026 01:10,03/10/2026 06:19
90a57b08-8f01-4ee2-984b-eff28fa48b5a,reasoning.id,expiring,,,high,low,9,PT Jagat Informasi Solusi (int),09/10/2024 17:44,09/10/2026 23:59,03/10/2026 05:12
37003c46-d988-466c-8b0e-a2ef14e55494,demon.feedback,expiring,,,high,low,5,Tucows Registry Services,15/10/2015 19:37,15/10/2026 23:59,03/10/2026 05:36
a4b67177-1217-4d43-b0aa-f70f2cd43ec0,tablets.feedback,expiring,,,high,low,7,Tucows Registry Services,15/10/2015 19:37,15/10/2026 23:59,03/10/2026 05:47
57a2433d-aaaf-4ace-9ce0-5ebf6ccbacaa,hilo.show,expiring,,,high,low,4,Porkbun LLC,14/10/2025 02:37,14/10/2026 02:37,03/10/2026 05:26
ffb20718-0ac3-44b5-ac10-3ee6e2825e9b,ost.education,expiring,,,high,low,3,Squarespace Domains II LLC,27/10/2021 23:41,27/10/2026 23:41,03/10/2026 06:27
d558f243-e04e-4780-b615-0877bfd23ed1,simone.rocks,expiring,,,high,low,6,"GoDaddy.com, LLC",11/11/2025 21:57,11/11/2026 21:57,03/10/2026 07:35
74970a81-37e8-418a-90c5-c4ef5c58d265,noodles.soy,expiring,,,medium,low,7,Squarespace Domains II LLC.,06/11/2016 22:33,06/11/2026 22:33,03/10/2026 07:12
ba53d581-c908-4ccd-9557-b245554cc251,mercenary.site,expiring,,,high,low,9,"GoDaddy.com, LLC",06/11/2025 14:17,06/11/2026 23:59,03/10/2026 07:14
c7f57ca8-8953-4eee-bad3-49b92d2705f7,stove.nyc,expiring,,,high,low,5,1API GmbH,08/10/2014 15:00,07/10/2026 23:59,03/10/2026 05:04
b3416c15-b489-482d-aca5-9efb47e38afc,uppity.org,expiring,,,medium,low,6,"GoDaddy.com, LLC",08/10/2014 14:30,08/10/2026 14:30,03/10/2026 05:06
ee07ac46-012f-45e0-a0b7-7fd1f480eed2,recovery.world,expiring,,,high,low,8,"GoDaddy.com, LLC",08/10/2020 14:48,08/10/2026 14:48,03/10/2026 05:06
7aa47eed-c6b9-463e-8f2e-ce6df75cc760,disdain.org,expiring,,,medium,low,7,"Network Solutions, LLC",17/10/2018 14:30,17/10/2026 14:30,03/10/2026 05:53
87ec09bc-4a39-41fa-b997-a692893d37e0,adaptive.media,expiring,,,high,low,8,Dynadot Inc,08/10/2020 08:10,08/10/2026 08:10,03/10/2026 05:05
6360ad7f-bf9e-4562-afb7-bdabea8b6ecb,wear.digital,expiring,,,high,low,4,"Spaceship, Inc.",29/10/2024 15:15,29/10/2026 15:15,03/10/2026 06:33
daf18359-27c9-4bb1-9646-0061a28312d7,immortal.group,expiring,,,high,low,8,"Xiamen ChinaSource Internet Service Co., Ltd",25/10/2022 13:15,25/10/2026 13:15,03/10/2026 06:20
dcedaeaf-b8d2-4424-8bbc-691491223a7a,preserves.it,expiring,,,high,low,9,,04/10/2011 07:00,18/10/2026 00:00,03/10/2026 05:56
9892d3e9-5dc9-41e5-94cd-51676de8bee1,machinery.fun,expiring,,,high,low,9,"Chengdu West Dimension Digital Technology Co., Ltd.",09/10/2024 12:14,09/10/2026 23:59,03/10/2026 15:44
efb9d2ef-ea28-4fff-8ba2-5351ccd7631a,cheerleader.uk,expiring,,,high,low,11,Behrendt Professional Corporation t/a Amazing Domains,05/10/2024 13:01,05/10/2026 13:01,03/10/2026 04:54
ebea1c41-621a-45fc-9bad-f341285bae55,rechargeable.uk,expiring,,,high,low,12,Mark Adams t/a 3DWeb.co.uk,07/10/2024 13:28,07/10/2026 13:28,03/10/2026 05:02
c2f21bfb-cd88-4b51-98d7-e0d59ff38868,happiness.style,expiring,,,high,low,9,"GMO Internet Group, Inc. d/b/a Onamae.com",12/11/2015 01:45,12/11/2026 01:45,03/10/2026 07:36
be706b12-9e82-4277-8ea8-abb62d41eb21,hackers.wiki,expiring,,,medium,low,7,Squarespace Domains II LLC,29/10/2019 23:30,29/10/2026 23:59,03/10/2026 17:08
5aeab72c-b2e1-45a9-8fb6-5af40e7fe30b,ung.net,expiring,,,high,high,3,Above.com Pty Ltd.,27/10/1997 05:00,26/10/2026 04:00,03/10/2026 06:22
d13625c9-a619-4705-b926-bcaca87581c4,proud.io,expiring,,,high,low,5,"GoDaddy.com, LLC",27/10/2017 10:07,27/10/2026 10:07,03/10/2026 06:26
2e7c4f7d-e321-451f-9f60-08bda71e6013,aranea.vip,expiring,,,medium,low,6,"GoDaddy.com, LLC",05/10/2025 12:41,05/10/2026 12:41,03/10/2026 04:54
9eff3ae7-a6a2-4744-813f-16a6c682c2ac,angora.app,expiring,,,high,low,6,Squarespace Domains II LLC.,01/11/2020 23:21,01/11/2026 23:21,03/10/2026 06:45
9722155f-fb3e-4f3a-a689-78a1219bb63c,ledger.fund,expiring,,,high,medium,6,"Xiamen ChinaSource Internet Service Co., Ltd",30/10/2025 15:15,30/10/2026 15:15,03/10/2026 06:36
ac402626-790d-482b-9a0c-3d143b67e06d,comply.uk,expiring,,,high,low,6,"GoDaddy.com, LLC.",24/10/2018 09:30,24/10/2026 09:30,03/10/2026 06:16
dda64703-45a2-4b41-bb15-6390ebaed8a7,rodriguez.it,expiring,,,high,low,9,,23/09/1999 00:00,11/11/2026 00:00,03/10/2026 07:32
9adf65d4-ec52-4c71-9549-73ce61af421d,pops.co,expiring,,,high,low,4,"GoDaddy.com, LLC",07/10/2023 17:00,07/10/2026 23:59,03/10/2026 05:04
034a4a1c-d57d-4df5-8eaf-be6dc23a5c85,purely.gold,expiring,,,high,low,6,"GoDaddy.com, LLC",07/11/2025 18:26,07/11/2026 18:26,03/10/2026 07:17
99528369-fa62-4314-bfd1-9368fd4a8ba6,wholesale.city,expiring,,,high,low,9,Dynadot Inc,08/10/2014 16:00,08/10/2026 16:00,03/10/2026 05:07
a14fb10d-6f12-48cd-a0ca-45ba7debab1e,anchor.bot,expiring,,,high,medium,6,"Spaceship, Inc.",12/11/2023 15:21,12/11/2026 15:21,03/10/2026 07:38
15c833ef-03bd-4d26-b38d-1cbc623c421e,prc.health,expiring,,,high,low,3,"GoDaddy.com, LLC",01/11/2023 19:55,01/11/2026 19:55,03/10/2026 06:45
630b9b6c-d814-41dc-b4be-dcb342c445d3,photographic.feedback,expiring,,,high,low,12,Tucows Registry Services,15/10/2015 19:37,15/10/2026 23:59,03/10/2026 05:43
8d5e5256-ac8e-41f2-a12f-9f5a46694849,expression.fun,expiring,,,high,low,10,West263 International Limited,10/11/2024 16:30,10/11/2026 23:59,03/10/2026 07:32
2eed694e-6f79-4ac4-abac-ae5085933974,consulting.quest,expiring,,,high,low,10,"Spaceship, Inc.",25/10/2024 11:13,25/10/2026 23:59,03/10/2026 06:21
0017ae86-5af9-4443-83dc-5461d47a6e39,rauch.life,expiring,,,medium,low,5,"Cloudflare, Inc",09/10/2025 09:37,09/10/2026 09:37,03/10/2026 05:09
b8fcf804-9a86-4579-b798-91dbed49c49f,grabber.me,expiring,,,high,high,7,Alibaba Cloud Computing Ltd. d/b/a HiChina (www.net.cn),03/11/2025 17:25,03/11/2026 17:25,03/10/2026 06:56
0b69a166-5925-4d0e-9733-03dd896aa112,newman.love,expiring,,,high,low,6,"Chengdu West Dimension Digital Technology Co., LTD",01/11/2025 07:18,01/11/2026 07:18,03/10/2026 06:43
eafac025-b9ad-474c-9329-e879f6fe7d8e,airline.feedback,expiring,,,medium,low,7,Tucows Registry Services,15/10/2015 19:36,15/10/2026 23:59,03/10/2026 05:32
de3821b0-aa2f-4b66-b75d-f85acc992ab7,cheaper.biz,expiring,,,low,low,7,Vautron Rechenzentrum AG,07/11/2001 16:21,06/11/2026 23:59,03/10/2026 07:13
a86f933f-c1cf-4040-8178-f0b0324a5a85,johns.feedback,expiring,,,high,low,5,Tucows Registry Services,15/10/2015 19:37,15/10/2026 23:59,03/10/2026 05:39
a60bc7f7-0c18-4571-a510-779e772d79cc,powell.phd,expiring,,,high,low,6,Namecheap Inc.,15/11/2025 14:34,15/11/2026 14:34,03/10/2026 07:52
83c7eb14-7f43-447a-b003-7afcae8a3ffc,graf.systems,expiring,,,high,low,4,Cronon GmbH,02/11/2017 20:26,02/11/2026 20:26,03/10/2026 20:14
53e3b5e6-72b9-4071-96f9-51ce749742e4,from.garden,expiring,,,high,low,4,"GoDaddy.com, LLC",06/11/2020 15:51,06/11/2026 15:51,03/10/2026 07:11
4daef36f-9b5f-4724-8a14-60b5055dd9c8,kepler.site,expiring,,,medium,low,6,Alibaba Cloud Computing Ltd. d/b/a HiChina (www.net.cn),27/10/2016 09:04,27/10/2026 23:59,03/10/2026 06:28
88768558-2b8f-45a3-9d86-d2978d2de523,paints.international,expiring,,,medium,low,6,"GoDaddy.com, LLC",11/10/2016 10:45,11/10/2026 10:45,03/10/2026 05:17
63bcf43c-9b4e-4f11-abd4-54f91831cd44,prompts.it,expiring,,,high,medium,7,,24/09/2012 11:41,07/10/2026 00:00,03/10/2026 05:01
cd8af368-4284-4730-8bcf-0154aa6e27d9,ibn.wiki,expiring,,,medium,low,3,Alibaba Cloud Computing Ltd. d/b/a HiChina (www.net.cn),24/10/2021 03:41,24/10/2026 23:59,03/10/2026 06:18
3f64385e-081a-4b0f-a2ec-00ca33f675fb,beautiful.garden,expiring,,,high,low,9,"GoDaddy.com, LLC",20/10/2020 21:24,20/10/2026 21:24,03/10/2026 11:28
dac4e695-aeaa-4e0a-a8f9-672c8a2175c8,crypt.digital,expiring,,,high,low,5,"Sav.com, LLC - 6",13/10/2025 15:16,13/10/2026 15:16,03/10/2026 05:24
d6423c1d-9aa3-4e37-9e65-df7ebf222156,theorist.app,expiring,,,high,low,8,Porkbun LLC,08/10/2025 19:03,08/10/2026 19:03,03/10/2026 05:07
1d76b74a-ffc2-4097-bc38-8ab4d6a334f9,effect.feedback,expiring,,,high,low,6,Tucows Registry Services,15/10/2015 19:37,15/10/2026 23:59,03/10/2026 05:36
e03d6658-729b-4909-84dd-df4355d40f6e,milk.gold,expiring,,,high,low,4,"GoDaddy.com, LLC",13/11/2025 09:09,13/11/2026 09:09,03/10/2026 11:20
77a7d2dd-d70e-4e57-9b39-b42549c31450,disneyland.photos,expiring,,,high,low,10,"GoDaddy.com, LLC",14/11/2017 06:40,14/11/2026 06:40,03/10/2026 07:46
7cfe30e4-c872-4b52-84cf-176ba2ca7a4e,boreas.us,expiring,,,high,low,6,"Spaceship, Inc.",12/10/2022 00:00,12/10/2026 00:00,03/10/2026 05:19
17897de9-95a8-4d75-b293-2b3f8dbaddf0,surfers.cloud,expiring,,,high,low,7,"XIAMEN CHINASOURCE INTERNET SERVICE CO., LTD.",29/10/2025 07:41,29/10/2026 07:41,03/10/2026 06:32
7550abb6-0141-428f-a3a4-5a81c0f83e73,harper.photo,expiring,,,high,low,6,"eNom, LLC",17/10/2014 22:21,17/10/2026 22:21,03/10/2026 05:55
5e4010c2-d082-4e98-bfa5-c0759c31517a,procure.exchange,expiring,,,high,low,7,Dynadot Inc,12/11/2025 19:42,12/11/2026 19:42,03/10/2026 07:39
a8cef23a-2813-4fee-b685-150b1c315d98,raising.me,expiring,,,high,medium,7,Alibaba Cloud Computing Ltd. d/b/a HiChina (www.net.cn),01/11/2025 17:18,01/11/2026 17:18,03/10/2026 06:45
f3042599-91d9-4255-9605-b67d16c41905,spirits.bio,expiring,,,high,low,7,Porkbun LLC,05/10/2025 10:16,05/10/2026 10:16,03/10/2026 04:54
033a8abd-6473-477d-9369-ed209d5fa7b2,logos.llc,expiring,,,high,low,5,Squarespace Domains II LLC,10/11/2020 14:46,10/11/2026 14:46,03/10/2026 07:29
b6667421-f56c-475f-b56b-8db87a90c6a1,quick.studio,expiring,,,high,medium,5,"Regional Network Information Center, JSC dba RU-CENTER",28/10/2015 17:00,28/10/2026 17:00,03/10/2026 06:30
2320244d-92f6-41a5-8219-9560746aa880,upwards.io,expiring,,,medium,low,7,"GoDaddy.com, LLC",13/10/2018 10:55,13/10/2026 10:55,03/10/2026 05:23
aff7f581-7bb5-45d8-9f0b-11ba4ee08710,teeth.dentist,expiring,,,high,low,5,"GoDaddy.com, LLC",15/11/2019 21:56,15/11/2026 21:56,03/10/2026 07:53
b69685d6-053d-4296-8f48-6e6e3ad7caab,slab.earth,expiring,,,high,low,4,"NameCheap, Inc.",15/11/2022 14:38,15/11/2026 14:38,03/10/2026 07:52
d889627d-6dd1-49c4-96bd-f3921e16ca78,peck.group,expiring,,,high,low,4,"Sav.com, LLC - 18",23/10/2025 15:15,23/10/2026 15:15,03/10/2026 06:13
b217d49b-10fe-4956-aa85-1aa8e1e78986,leader.ai,expiring,,,high,low,6,Deep Vision Architects,15/12/2017 23:27,10/11/2026 23:27,03/10/2026 07:31
875babc2-941c-40b5-be79-38baf3ec3944,laboratory.doctor,expiring,,,high,low,10,"Go Canada Domains, LLC",02/11/2016 16:00,02/11/2026 16:00,03/10/2026 06:50
206efa0a-ab53-4da4-b4fd-1822ea982e28,workers.cam,expiring,,,high,low,7,"Spaceship, Inc.",26/10/2025 14:02,26/10/2026 23:59,03/10/2026 06:25
46d5d0bb-75f9-4682-af83-075696aee6cc,bcg.gallery,expiring,,,high,low,3,Squarespace Domains II LLC,15/11/2022 19:40,15/11/2026 19:40,03/10/2026 13:09
f7e472b3-1466-45f8-a11d-0821fd62262c,college.social,expiring,,,high,low,7,"NameCheap, Inc.",26/10/2019 19:29,26/10/2026 19:29,03/10/2026 06:24
36356e48-9be4-4625-abae-2d580bfa08a3,dragon.estate,expiring,,,high,medium,6,"Sav.com, LLC - 28",10/10/2025 15:16,10/10/2026 15:16,03/10/2026 05:14
c86fe7fa-ffe5-41c4-8f76-8178c22861f1,yield.net,expiring,,,high,low,5,"GoDaddy.com, LLC",20/10/1997 04:00,19/10/2026 04:00,03/10/2026 05:59
412e37dd-9f6f-497c-b0ea-4de61d16bbe0,miami.rip,expiring,,,high,medium,5,"Cloudflare, Inc",03/11/2022 04:53,03/11/2026 04:53,03/10/2026 06:53
f8211650-6f4e-4e8f-a714-ae5df5d6b4dc,shh.beauty,expiring,,,high,low,3,"NameSilo, LLC",05/10/2025 08:16,05/10/2026 23:59,03/10/2026 04:56
d7db0865-f436-4cff-9a48-2dbecdb0d8d0,jayne.feedback,expiring,,,medium,low,5,Tucows Registry Services,15/10/2015 19:37,15/10/2026 23:59,03/10/2026 05:39
b973285f-1c32-432c-be1f-10101b81f268,resale.net,expiring,,,high,low,6,"Wild West Domains, LLC",21/10/2001 18:06,21/10/2026 18:06,03/10/2026 06:08
decb4cc3-bd34-42d8-bda9-13fb09f4f726,andromeda.io,expiring,,,high,medium,9,"GoDaddy.com, LLC",05/10/2019 14:30,05/10/2026 14:30,03/10/2026 04:54
86c4bdb0-bd8f-4eb1-88be-9dffdfdac101,microarray.it,expiring,,,high,high,10,,11/11/2017 16:00,08/10/2026 00:00,03/10/2026 05:04
5dc0cb5a-b2cf-43a1-a078-ab6253e110cf,sufi.kim,expiring,,,high,low,4,OVH SAS,06/10/2025 17:36,06/10/2026 17:36,03/10/2026 04:59
4fe4561f-e825-457c-9677-a150c1fb4c26,exclusive.tax,expiring,,,high,low,9,"DNSPod, Inc.",16/11/2023 15:15,16/11/2026 15:15,03/10/2026 07:55
d031a524-0a09-4561-a0aa-4c3ae0beb91c,dog.tools,expiring,,,high,medium,3,"GoDaddy.com, LLC",30/10/2019 19:33,30/10/2026 19:33,03/10/2026 06:37
27ffa756-9c9b-45ff-b367-5f90c776ee30,letter.digital,expiring,,,high,low,6,"Sav.com, LLC - 40",27/10/2025 15:15,27/10/2026 15:15,03/10/2026 06:26
4d2d6da0-828c-4e11-9ddd-5315550a6a8a,rucksack.app,expiring,,,high,low,8,Dynadot LLC.,14/10/2022 09:52,14/10/2026 09:52,03/10/2026 05:26
00bc26f0-eb73-4258-a9d6-2de781d0157f,nanny.feedback,expiring,,,medium,low,5,Tucows Registry Services,15/10/2015 19:37,15/10/2026 23:59,03/10/2026 05:42
4bac760c-6832-41c9-ab1b-3ca40c48f347,prescription.it,expiring,,,high,low,12,,23/10/2009 15:33,09/11/2026 00:00,03/10/2026 07:25
3cd1094d-f636-42b4-9385-f2694fafdda0,factual.group,expiring,,,high,low,7,"Chengdu West Dimension Digital Technology Co., Ltd.",14/11/2020 19:09,14/11/2026 19:09,03/10/2026 07:48
66e6defa-995b-4fa7-a27c-854fb9527e7b,pleasure.sale,expiring,,,high,low,8,"NameCheap, Inc.",14/10/2025 15:29,14/10/2026 15:29,03/10/2026 05:27
5c2d9b0c-ff9d-4e1c-80c1-3b8d0e523809,uncomfortable.love,expiring,,,medium,low,13,InterNetX GmbH,10/10/2024 23:25,10/10/2026 23:25,03/10/2026 05:15
2121a037-888e-4539-9da6-6ab9835e41d0,astor.info,expiring,,,medium,low,5,"Sav.com, LLC - 40",23/10/2025 15:15,23/10/2026 15:15,03/10/2026 06:14
00b5b6fd-0200-4463-ae07-0869421cc56a,jason.nyc,expiring,,,high,medium,5,"Global Domains International, Inc. DBA DomainCostClub.com",10/10/2016 20:32,09/10/2026 23:59,03/10/2026 05:12
5dc1c14d-2d57-47bc-91f8-40ae264e825c,writer.cv,expiring,,,high,low,6,Dynadot,12/11/2024 02:59,12/11/2026 02:59,03/10/2026 07:37
6e3ee5c0-29a8-4060-bf4c-e276e85004b3,auklet.ca,expiring,,,medium,low,6,CanSpace Solutions Inc.,12/11/2025 18:12,12/11/2026 18:12,03/10/2026 07:38
08816756-58e3-4eef-9242-51fa601b8fff,eclat.in,expiring,,,high,low,5,Endurance International Group India Private Limited,13/10/2011 03:48,13/10/2026 03:48,03/10/2026 05:23
42a37118-de63-4cb8-9b6c-7b98129c2ce7,tooth.world,expiring,,,high,low,5,"Xiamen ChinaSource Internet Service Co., Ltd",11/10/2025 15:15,11/10/2026 15:15,03/10/2026 05:17
de241a65-fea1-4cd6-b22c-7540c1f9743b,crouch.biz,expiring,,,medium,low,6,"NameSilo, LLC",14/11/2025 22:03,14/11/2026 22:03,03/10/2026 07:48
7e55e7f6-d337-4d2d-b3f4-7b4fb66ceb13,motorsport.fund,expiring,,,high,low,10,"Sav.com, LLC - 1",16/11/2025 15:15,16/11/2026 15:15,03/10/2026 07:55
b049ce43-73c4-49c8-977c-417992042dbd,bigwig.io,expiring,,,high,low,6,Dynadot Inc,15/10/2020 14:31,15/10/2026 14:31,03/10/2026 05:30
678092eb-5588-40ca-bb27-302ac10a9a04,bug.vc,expiring,,,high,low,3,Dynadot Inc,04/11/2021 16:16,04/11/2026 16:16,03/10/2026 07:01
f2cc0827-28cb-47db-9eeb-63668c52a384,bridget.feedback,expiring,,,high,low,7,Tucows Registry Services,15/10/2015 19:36,15/10/2026 23:59,03/10/2026 05:34
4c12212a-29b9-4f5b-bc8f-bb0d3ab15f89,laws.live,expiring,,,high,low,4,"Spaceship, Inc.",08/10/2025 17:09,08/10/2026 17:09,03/10/2026 05:07
b9d48fd4-a35e-4674-aa72-4ca361b6c667,moira.feedback,expiring,,,high,low,5,Tucows Registry Services,15/10/2015 19:37,15/10/2026 23:59,03/10/2026 05:42
8ee9eae7-cc24-4247-a7f5-9d440ca639db,kiwi.wine,expiring,,,high,high,4,"GoDaddy.com, LLC",15/11/2025 19:37,15/11/2026 19:37,03/10/2026 07:53
cb5636d7-7350-4bcf-9ac6-c701e8ce00a9,plane.fyi,expiring,,,high,low,5,Porkbun LLC,28/10/2022 01:41,28/10/2026 01:41,03/10/2026 06:28
eed85a1a-525d-46b5-8ad2-7b3e9db59a60,hound.feedback,expiring,,,medium,low,5,Tucows Registry Services,15/10/2015 19:37,15/10/2026 23:59,03/10/2026 05:39
dea50098-62db-4c1c-bd5e-d1d9f5542b12,lion.cafe,expiring,,,high,medium,4,"Sav.com, LLC - 14",09/11/2025 15:15,09/11/2026 15:15,03/10/2026 07:26
745ca10f-b516-44f3-a15c-5b7492a6e3ae,dick.nyc,expiring,,,high,low,4,Rabbitsfoot.com LLC d/b/a Oxygen.nyc,11/10/2016 16:27,10/10/2026 23:59,03/10/2026 05:15
20f9e8cd-8a3e-48b9-aa21-35ebda170fad,memorabilia.feedback,expiring,,,high,low,11,Tucows Registry Services,15/10/2015 19:37,15/10/2026 23:59,03/10/2026 07:13
00aa1042-a8c7-4c37-993d-2c686c6409eb,profiled.me,expiring,,,high,low,8,"Spaceship, Inc.",14/11/2024 13:15,14/11/2026 13:15,03/10/2026 07:46
1f57c8cd-d9cc-4d5a-b841-783a3ca53176,snack.city,expiring,,,high,low,5,"Spaceship, Inc.",10/10/2021 13:15,10/10/2026 13:15,03/10/2026 05:13
8252a7d3-75a9-4e1c-852b-a92618d6fdf7,helium.homes,expiring,,,high,low,6,"Spaceship, Inc.",01/11/2025 04:34,01/11/2026 23:59,03/10/2026 06:46
c4b55ae0-a24a-4e64-b35e-33db3ef837cc,mobile.cv,expiring,,,high,medium,6,ola.cv,13/06/2024 20:18,16/10/2026 00:00,03/10/2026 05:49
cb1e1988-9cb4-440b-8776-b0e113ca6cee,override.app,expiring,,,high,low,8,Namecheap Inc.,04/11/2020 05:35,04/11/2026 05:35,03/10/2026 06:58
2b9563f9-7d91-4ae8-8f13-3b6f26caf1af,attend.school,expiring,,,high,low,6,"Cloudflare, Inc",16/11/2023 13:53,16/11/2026 13:53,03/10/2026 07:55
013a50f5-ef03-469e-b1af-c68a78b31a0c,scroll.pw,expiring,,,high,low,6,"Chengdu West Dimension Digital Technology Co., Ltd.",04/11/2025 16:01,04/11/2026 23:59,03/10/2026 07:03
6657c64d-6037-474d-b087-0b8e8499941a,pediatrician.it,expiring,,,medium,low,12,,05/09/2010 01:36,08/10/2026 00:00,03/10/2026 05:05
2bffe870-c53f-4e5a-a3dd-fcee63a4ea8a,toothbrush.tv,expiring,,,high,low,10,Dynadot Inc,14/11/2010 20:18,14/11/2026 20:18,03/10/2026 07:49
b26d8be1-94a4-49af-968e-719c27d62fc1,clique.world,expiring,,,high,low,6,"Chengdu West Dimension Digital Technology Co., Ltd.",02/11/2021 13:15,02/11/2026 13:15,03/10/2026 06:49
aca5a057-66e7-4bfb-ae88-d1e60e3d9152,shore.homes,expiring,,,high,low,5,Dynadot Inc,16/10/2023 08:21,16/10/2026 23:59,03/10/2026 05:52
27e9eb44-c0ca-4a16-a223-51662dc7fa26,ams.feedback,expiring,,,high,low,3,Tucows Registry Services,15/10/2015 19:36,15/10/2026 23:59,03/10/2026 05:33
da204566-3e51-4d41-ab00-717fa29a73c0,being.monster,expiring,,,high,low,5,Dynadot Inc,31/10/2025 21:00,31/10/2026 23:59,03/10/2026 06:41
db48f056-7920-4eb4-b18b-60c57125c58f,frustrating.org,expiring,,,medium,low,11,"Spaceship, Inc.",10/10/2001 05:19,10/10/2026 05:19,03/10/2026 05:13
f0440f76-bd00-4c22-ae93-f6bfba64be45,stormed.net,expiring,,,medium,low,7,"NameCheap, Inc.",23/10/2012 16:24,23/10/2026 16:24,03/10/2026 06:14
b31af16a-4a64-4d76-bdc5-00ef27ae404d,beet.services,expiring,,,high,low,4,"GoDaddy.com, LLC",26/10/2025 14:33,26/10/2026 14:33,03/10/2026 06:23
3a29cbe2-5c2e-450d-ac5e-3c4c2560aab7,atlas.qpon,expiring,,,high,medium,5,Dynadot Inc,24/10/2025 13:33,24/10/2026 23:59,03/10/2026 06:18
e97dccbc-4890-438d-be8c-c73c1ce0bf9b,broward.mortgage,expiring,,,medium,low,7,"Register.com - Network Solutions, LLC",05/11/2014 18:00,05/11/2026 18:00,03/10/2026 07:07
d93abebe-7c76-4c7d-a38b-5b496b984630,pandora.games,expiring,,,high,medium,7,"Xiamen ChinaSource Internet Service Co., Ltd",11/11/2021 13:15,11/11/2026 13:15,03/10/2026 07:34
b9d6e2bb-8c17-4e6e-b41f-a1b67d77ca99,rogue.feedback,expiring,,,high,low,5,Tucows Registry Services,15/10/2015 19:37,15/10/2026 23:59,03/10/2026 05:45
ea7d4af4-2b05-43cd-af7e-a98e4f2f497f,campaigns.sbs,expiring,,,high,low,9,"Spaceship, Inc.",09/10/2023 14:53,09/10/2026 23:59,03/10/2026 05:12
d98c5c14-802e-49f4-8cc3-57a2c36d9168,beer.sucks,expiring,,,high,medium,4,"eNom, LLC",18/10/2025 00:59,18/10/2026 00:59,03/10/2026 05:56
81576004-3f4d-4971-8e57-de191d055e14,indian.feedback,expiring,,,high,low,6,Tucows Registry Services,15/10/2015 19:37,15/10/2026 23:59,03/10/2026 05:39
75dd325e-a624-481d-9219-c81463697236,deliveries.icu,expiring,,,medium,low,10,Porkbun LLC,05/10/2023 19:46,05/10/2026 23:59,03/10/2026 04:56
4edd858b-480f-4eec-be90-2e34fa269e62,puck.network,expiring,,,high,low,4,Squarespace Domains LLC,10/11/2024 19:32,10/11/2026 19:32,03/10/2026 07:31
fed961af-94de-4958-a8ba-927f03f965e8,copperfield.online,expiring,,,high,low,11,"GoDaddy.com, LLC",26/10/2025 15:05,26/10/2026 23:59,03/10/2026 15:07
48e0f52b-6915-4862-a69b-f63310969a09,macrame.it,expiring,,,high,high,7,,13/09/2015 09:00,11/10/2026 00:00,03/10/2026 05:16
31415df0-9cc0-415a-960b-a28114431785,salt.tel,expiring,,,high,medium,4,Porkbun,10/11/2024 03:13,10/11/2026 03:13,03/10/2026 07:28
22cd1197-97b9-47fe-addd-e8ab187957a2,tire.feedback,expiring,,,high,low,4,Tucows Registry Services,15/10/2015 19:37,15/10/2026 23:59,03/10/2026 05:47
0cc0c1c2-d166-4aae-9967-d59b36852713,kee.info,expiring,,,medium,low,3,Porkbun LLC,09/10/2001 15:30,09/10/2026 15:30,03/10/2026 05:11
25982c2c-2ce5-419e-9d39-337965ad255c,jungle.house,expiring,,,high,low,6,"Spaceship, Inc.",20/10/2020 12:05,20/10/2026 12:05,03/10/2026 06:04
790124bb-0369-4fde-bfa3-56d24ec043ed,fernando.biz,expiring,,,high,low,8,Porkbun,07/11/2001 09:25,06/11/2026 23:59,03/10/2026 07:13
76da2b16-d682-4cdf-9cab-540c97fadb61,horse.hockey,expiring,,,high,low,5,"GoDaddy.com, LLC",11/11/2022 14:06,11/11/2026 14:06,03/10/2026 07:34
e4ef8a11-bcd1-4c03-a1ed-ad2fede3d9b2,uncommon.casino,expiring,,,high,low,8,"GoDaddy.com, LLC",15/11/2025 12:47,15/11/2026 12:47,03/10/2026 07:51
96f66bd5-33c1-4220-8008-c1fe298839bc,songs.feedback,expiring,,,high,low,5,Tucows Registry Services,15/10/2015 19:37,15/10/2026 23:59,03/10/2026 05:46
854bfbd5-cf69-4d6b-818a-8e641b0b7bc7,kyiv.fm,expiring,,,high,low,4,Instra Corporation Pty Ltd.,02/11/2010 23:59,02/11/2026 23:59,03/10/2026 06:52
704d0a05-00bf-4a5c-8e23-1eabf891b997,knock.pro,expiring,,,high,low,5,"Sav.com, LLC - 32",02/11/2023 17:00,02/11/2026 17:00,03/10/2026 06:51
ae127ce5-84c5-474a-9dc8-366b52a52395,csr.id,expiring,,,high,low,3,PT Digital Registra Indonesia,09/10/2015 10:21,09/10/2026 23:59,03/10/2026 05:12
d4f3be5d-51f4-4d0f-85dc-b1f4018ad26b,double.earth,expiring,,,high,low,6,"GoDaddy.com, LLC",20/10/2020 21:30,20/10/2026 21:30,03/10/2026 06:05
cf6d9750-216e-4825-bfcd-a783cc30525b,crimean.net,expiring,,,high,high,7,"Sav.com, LLC",02/11/2000 04:50,02/11/2026 03:50,03/10/2026 06:48
a363c531-3b5a-474d-ba17-8926e8d3794f,rolled.it,expiring,,,medium,low,6,,04/10/2013 16:00,27/10/2026 00:00,03/10/2026 06:25
52d4729e-6c4e-4bcb-af5f-3d4d6fd1a6af,engrave.pro,expiring,,,high,medium,7,"Sav.com, LLC - 41",11/10/2025 15:15,11/10/2026 15:15,03/10/2026 05:17
59e15226-4be8-4583-809d-870a91c261bb,artificial.beauty,expiring,,,high,low,10,"Spaceship, Inc.",17/10/2025 20:30,17/10/2026 23:59,03/10/2026 05:55
16afe514-1058-4b57-9c2b-aa850baa81d4,dealer.zone,expiring,,,high,low,6,"DNSPod, Inc.",07/11/2023 15:15,07/11/2026 15:15,03/10/2026 07:16
304fc78d-9c71-47a8-851a-d32660256a63,lightwood.xyz,expiring,,,medium,low,9,"Chengdu West Dimension Digital Technology Co., Ltd.",01/11/2025 01:24,01/11/2026 23:59,03/10/2026 06:46
04d8b70c-8828-403c-8fd9-b65853bb8ead,bartlett.world,expiring,,,high,low,8,Netregistry Wholesale Pty Ltd,24/10/2019 06:14,24/10/2026 06:14,03/10/2026 06:16
c1636a04-fb40-4439-8c12-d154769a0fd0,field.guru,expiring,,,high,medium,5,"Sav.com, LLC",11/11/2025 18:21,11/11/2026 18:21,03/10/2026 07:35
2a3a41df-1a9e-45d3-8c0d-6abe6a74e979,admission.cloud,expiring,,,high,low,9,Epik LLC,28/10/2019 00:25,28/10/2026 00:25,03/10/2026 06:28
3f9859cb-1daa-42bc-b0ec-3fa214f73008,footgear.com,expiring,,,high,high,8,Epik LLC,22/10/2001 18:02,22/10/2026 18:02,03/10/2026 06:11
291366ec-9adc-4958-9139-6e29c7fde4d7,clair.feedback,expiring,,,high,low,5,Tucows Registry Services,15/10/2015 19:36,15/10/2026 23:59,03/10/2026 05:35
38973105-9955-4b57-9c97-4dfaa5326d0a,pace.travel,expiring,,,high,low,4,"GoDaddy.com, LLC",25/10/2017 10:00,24/10/2026 23:59,03/10/2026 06:18
ee20d1b6-dd02-4d36-91a8-806547ce535a,balthazar.group,expiring,,,high,low,9,"Chengdu West Dimension Digital Technology Co., Ltd.",14/11/2020 18:58,14/11/2026 18:58,03/10/2026 07:48
5b1452e2-f497-4e22-a679-ae5d18583180,notions.cloud,expiring,,,high,low,7,NAMECHEAP,08/11/2025 16:20,08/11/2026 16:20,03/10/2026 16:26
f1b1f6e1-5be7-47ea-a634-c2c32356f3dc,feel.consulting,expiring,,,high,low,4,1API GmbH,15/10/2019 04:06,15/10/2026 04:06,03/10/2026 05:30
af4c00fc-fc51-4475-8c52-fec42619e2f8,brilliance.fun,expiring,,,high,medium,10,West263 International Limited,10/11/2024 16:12,10/11/2026 23:59,03/10/2026 07:32
e468157e-d476-4118-89af-24c04b023174,nyc.cx,expiring,,,high,medium,3,West263 International Limited,21/10/2025 03:59,21/10/2026 03:59,03/10/2026 06:06
e8964152-73bf-4be8-bfec-da521569eff1,bulk.sh,expiring,,,high,low,4,1API GmbH,14/11/2022 23:54,14/11/2026 23:54,03/10/2026 07:49
6763924f-970b-4f0f-97a0-bdeca2d45fad,future.exchange,expiring,,,high,medium,6,Squarespace Domains II LLC,23/10/2020 16:37,23/10/2026 16:37,03/10/2026 06:14
b3008d1d-f0a0-49c8-acc5-240aca64d1fe,form.ninja,expiring,,,high,medium,4,"Sav.com, LLC - 12",13/11/2025 15:16,13/11/2026 15:16,03/10/2026 07:42
ac352fb8-0006-4af7-861a-2efeb59d86b5,thump.me,expiring,,,high,low,5,"GoDaddy.com, LLC",05/10/2010 18:14,05/10/2026 18:14,03/10/2026 04:55
1b4ca407-ec21-43a8-b9d9-26baeb0f2175,visiting.world,expiring,,,high,low,8,"Sav.com, LLC - 25",26/10/2025 15:16,26/10/2026 15:16,03/10/2026 06:23
95d336ff-8a59-4cf7-8231-ba59582942eb,cda.cheap,expiring,,,high,medium,3,"Spaceship, Inc.",19/10/2025 17:15,19/10/2026 17:15,03/10/2026 06:01
a89897f1-b6eb-42a7-9b26-5f3e891776d4,organizations.la,expiring,,,medium,low,13,VIPDomains.LA  Founders Program,01/11/2014 15:29,01/11/2026 23:59,03/10/2026 06:47
3ab6a399-b303-4f50-b2c2-25a24ede3acc,darby.feedback,expiring,,,high,low,5,Tucows Registry Services,15/10/2015 19:37,15/10/2026 23:59,03/10/2026 05:36
f65a8b98-cd3a-46d3-a263-75bec4d7bdac,provocation.bond,expiring,,,medium,low,11,"NameCheap, Inc.",04/11/2025 18:42,04/11/2026 23:59,03/10/2026 07:03
604b02b6-1551-4ff6-aca6-6ad07d54f0f6,thoreau.site,expiring,,,high,low,7,"eNom, LLC",05/11/2016 23:30,05/11/2026 23:59,03/10/2026 07:08
414c90ac-181f-428c-8c7f-cb328b77ca0a,rangers.biz,expiring,,,high,medium,7,"GoDaddy Corporate Domains, LLC",12/10/2001 04:56,06/11/2026 23:59,03/10/2026 07:13
dbb10fec-10a9-4ed0-83b0-e4425c6ba669,timeline.business,expiring,,,high,low,8,"Sav.com, LLC - 27",10/11/2025 15:16,10/11/2026 15:16,03/10/2026 07:30
93d036fa-b64d-468a-882c-0c06bafbe153,admission.systems,expiring,,,high,low,9,"GoDaddy.com, LLC",13/10/2015 14:16,13/10/2026 14:16,03/10/2026 05:24
1b3df6bc-9c18-426f-ab7e-2f991ce9df5f,delivering.it,expiring,,,high,low,10,,19/11/2007 11:55,17/10/2026 00:00,03/10/2026 05:52
d09b1df5-d823-45d0-9c64-b402e39f255c,welcome.bet,expiring,,,high,low,7,"GoDaddy.com, LLC",04/10/2017 09:35,04/10/2026 09:35,03/10/2026 04:50
15a74e83-9264-4660-bc56-35b7a9735bfb,fisher.xyz,expiring,,,high,low,6,"Sav.com, LLC",11/11/2019 20:47,11/11/2026 23:59,03/10/2026 07:36
1c4c5ec5-e46d-46e6-9170-6be7d3a869d2,panoramic.pro,expiring,,,high,low,9,"Sav.com, LLC - 13",15/10/2025 15:15,15/10/2026 15:15,03/10/2026 05:31
b43e7637-5032-4d32-abd0-ef2c3fe8fe20,arras.dev,expiring,,,high,low,5,Squarespace Domains II LLC.,02/11/2020 16:38,02/11/2026 16:38,03/10/2026 06:51
2b628b94-757a-4659-85e5-4625382061be,boob.doctor,expiring,,,medium,low,4,"GoDaddy.com, LLC",05/11/2016 23:20,05/11/2026 23:20,03/10/2026 07:08
98cb1235-1961-400c-8230-9129bae2390b,sep.net,expiring,,,high,low,3,Tucows Domains Inc.,06/11/1997 05:00,05/11/2026 05:00,03/10/2026 07:05
793d36ca-807a-4f33-ab58-b63ee99d201c,blossom.biz,expiring,,,high,low,7,"NameCheap, Inc.",02/10/2001 20:51,06/11/2026 23:59,03/10/2026 07:13
5cfa1c38-afbf-4ddf-a284-46eeb341f395,burlington.group,expiring,,,high,low,10,"Chengdu West Dimension Digital Technology Co., Ltd.",14/11/2020 19:02,14/11/2026 19:02,03/10/2026 07:48
b2d34cca-8514-4fa9-a57b-785b2c73be75,ecosystem.wtf,expiring,,,high,low,9,Squarespace Domains II LLC,13/11/2019 17:20,13/11/2026 17:20,03/10/2026 07:43
67b46be7-a7ae-4723-a8ee-087d3fff7a14,shrimp.uk,expiring,,,high,low,6,Lively Ltd,29/10/2017 21:22,29/10/2026 21:22,03/10/2026 06:34
03eeb000-29e4-4ef7-b720-ab4ae2a17a0b,expanded.site,expiring,,,high,low,8,"GoDaddy.com, LLC",06/11/2025 14:17,06/11/2026 23:59,03/10/2026 07:13
e3394a32-e30f-4830-8841-43d4da5e0384,usernames.it,expiring,,,medium,low,9,,26/09/2010 11:04,11/10/2026 00:00,03/10/2026 05:16
9f16ada3-6731-4c18-a5e2-8a2a02d233fa,almond.earth,expiring,,,high,low,6,"GoDaddy.com, LLC",26/10/2018 09:38,26/10/2026 09:38,03/10/2026 06:22
a18ab963-8241-49c9-ac1a-0db9286ca4ee,betting.bot,expiring,,,high,low,7,Porkbun LLC,30/10/2023 16:00,30/10/2026 16:00,03/10/2026 06:37
c8f5aa86-7808-4cd8-b9e6-907b9a866159,rome.tickets,expiring,,,high,low,4,"GoDaddy.com, LLC",11/11/2022 14:56,11/11/2026 23:59,03/10/2026 07:36
aa9cb78e-07db-4dca-a9cd-f71b3db5e0e5,avo.insure,expiring,,,high,low,3,"Domain.com - Network Solutions, LLC",15/11/2018 02:32,15/11/2026 02:32,03/10/2026 07:50
fdf23e0d-5814-46f5-973b-0a5ea469c0b8,follow.space,expiring,,,high,low,6,Squarespace Domains II LLC,31/10/2022 07:22,31/10/2026 23:59,03/10/2026 06:41
49f88740-4403-4018-9251-7f7456c4fd80,autoimmune.me,expiring,,,high,low,10,Alibaba Cloud Computing Ltd. d/b/a HiChina (www.net.cn),02/11/2025 01:52,02/11/2026 01:52,03/10/2026 06:48
fb11df0f-8288-4ee5-88d5-69f0a3308047,edit.expert,expiring,,,high,low,4,"Sav.com, LLC",02/11/2025 17:15,02/11/2026 17:15,03/10/2026 06:51
f15e64c3-feec-4d53-b4a4-c53c6d30fb18,rachael.feedback,expiring,,,medium,low,7,Tucows Registry Services,15/10/2015 19:37,15/10/2026 23:59,03/10/2026 05:44
61ee08e6-0f70-497e-816d-9ddbbca9d8ff,replica.top,expiring,,,high,low,7,厦门易名科技股份有限公司,03/11/2025 21:35,03/11/2026 21:35,03/10/2026 06:56
c6ff88bc-5de9-4fad-90b1-7fd4e0a49e43,chrome.cx,expiring,,,high,high,6,CentralNic Ltd,11/11/2023 00:48,11/11/2026 00:49,03/10/2026 07:32
29b907bb-574c-4750-bbf4-9aa974c4fa56,attain.net,expiring,,,high,low,6,"GoDaddy.com, LLC",11/11/2004 19:16,11/11/2026 19:16,03/10/2026 07:35
571c17a2-1299-439e-b7cc-37bd394a265d,irrational.work,expiring,,,high,low,10,"eNom, LLC",04/11/2022 17:58,04/11/2026 17:58,03/10/2026 07:01
7a51d50d-afff-4120-b907-6aa733461464,lover.gold,expiring,,,high,low,5,"Sav.com, LLC - 24",09/10/2025 15:15,09/10/2026 15:15,03/10/2026 05:11
7b2e3df4-a379-442a-9dc1-f786d6662520,ultrasonic.world,expiring,,,high,low,10,"Sav.com, LLC",12/10/2025 14:59,12/10/2026 14:59,03/10/2026 05:21
67c7f1b0-644b-41a5-891f-2154db13b4db,cornell.feedback,expiring,,,medium,low,7,Tucows Registry Services,15/10/2015 19:36,15/10/2026 23:59,03/10/2026 05:36
0e804358-965b-411f-a673-cdddba3e0f0d,ape.blue,expiring,,,high,low,3,Unstoppable Domains Inc,03/11/2021 16:37,03/11/2026 16:37,03/10/2026 06:55
7287b5ea-a963-42df-9b44-27c88d3bc4d3,zombies.nyc,expiring,,,medium,low,7,Hello Internet Corp.,08/10/2014 15:00,07/10/2026 23:59,03/10/2026 05:04
8f99f6ba-1597-4920-a102-cc3d17cae54e,lms.feedback,expiring,,,high,low,3,Tucows Registry Services,15/10/2015 19:37,15/10/2026 23:59,03/10/2026 05:40
3b921d32-ab04-40fc-9011-b8c9f68a1c47,losing.money,expiring,,,high,low,6,Porkbun LLC,08/11/2018 21:48,08/11/2026 21:48,03/10/2026 07:23
bf96f40a-25ce-4919-91aa-5c35c8684118,kimberly.feedback,expiring,,,medium,low,8,Tucows Registry Services,15/10/2015 19:37,15/10/2026 23:59,03/10/2026 05:40
f16bd3b2-8efe-45dd-9d81-80f0f8982404,comfort.coffee,expiring,,,high,low,7,Squarespace Domains II LLC,03/11/2023 02:22,03/11/2026 02:22,03/10/2026 06:53
dbf26c71-0331-4245-bb5e-40b3992ec852,monday.care,expiring,,,high,low,6,"GoDaddy Corporate Domains, LLC",05/11/2017 13:02,05/11/2026 13:02,03/10/2026 07:06
ddb47db1-2079-4df4-bd55-82d759b54478,medial.in,expiring,,,medium,low,6,"Ascio Technologies, Inc. - Denmark",11/10/2025 09:59,11/10/2026 09:59,03/10/2026 05:17
e02abd62-9de1-4f19-aa2b-9a49a030a9a7,construction.my,expiring,,,high,low,12,Shinjiru Technology Sdn Bhd,15/11/2012 16:00,15/11/2026 16:00,03/10/2026 07:52
51348851-83ae-4ae4-af53-752b223d3016,amber.pro,expiring,,,high,low,5,"Spaceship, Inc.",31/10/2010 05:57,31/10/2026 00:00,03/10/2026 06:38
bf6e9fb5-d561-42c5-9eb4-19e270af0793,marches.pro,expiring,,,high,low,7,OVH SAS,13/11/2010 07:02,13/11/2026 00:00,03/10/2026 07:40
52d954fe-84a8-47f7-8c21-a13c87ad21dc,surgery.health,expiring,,,high,low,7,"GoDaddy.com, LLC",08/11/2023 01:27,08/11/2026 01:27,03/10/2026 07:20
ae87fb97-9fbc-4029-972e-c1183f313bbc,telecom.zone,expiring,,,high,low,7,"Chengdu West Dimension Digital Technology Co., Ltd.",25/10/2021 13:15,25/10/2026 13:15,03/10/2026 06:20
3254797b-e893-4e12-96fa-85068212508b,panoptic.co,expiring,,,high,low,8,Dynadot Inc,07/11/2015 18:24,06/11/2026 23:59,03/10/2026 07:14
9a06f5b8-2e54-4093-8b2c-a0cb937f3cd4,molecule.berlin,expiring,,,high,high,8,,18/10/2018 15:20,18/10/2026 15:20,03/10/2026 05:57
c486e8ca-8f09-4cbc-afe5-b8b98fe2121a,stardust.support,expiring,,,high,low,8,"Spaceship, Inc.",17/10/2025 22:20,17/10/2026 22:20,03/10/2026 05:55
3e9c0214-84eb-4fca-b09a-310d4a82c464,audition.cam,expiring,,,high,low,8,"Spaceship, Inc.",15/11/2025 22:29,15/11/2026 23:59,03/10/2026 07:53
4b6431ae-5b7a-4f6a-bd7a-7baa861e4f01,mall.ag,expiring,,,high,low,4,NicAg Registrar,30/10/2000 05:00,30/10/2026 04:00,03/10/2026 06:35
1b3a72fa-83de-41ae-8e56-4d9bbbaea5f2,within.mobi,expiring,,,high,low,6,"Network Solutions, LLC",11/10/2006 22:23,11/10/2026 22:23,03/10/2026 05:18
dd48cd5a-8b90-4b13-9e94-709840ca4b55,ice.charity,expiring,,,high,medium,3,"GoDaddy.com, LLC",05/10/2024 16:10,05/10/2026 16:10,03/10/2026 04:55
ae485216-7227-4bf9-8a8d-28aefa8b3993,wheat.fun,expiring,,,high,low,5,Alibaba Cloud Computing Ltd. d/b/a HiChina (www.net.cn),13/10/2020 13:56,13/10/2026 23:59,03/10/2026 05:25
f20b897e-7cb2-4ad1-9e93-e10e99d82b98,simple.luxury,expiring,,,high,medium,6,Squarespace Domains II LLC,21/10/2022 06:13,21/10/2026 23:59,03/10/2026 06:09
18af2c5e-4957-4b02-9423-3292631d1cc2,door.feedback,expiring,,,high,low,4,Tucows Registry Services,15/10/2015 19:37,15/10/2026 23:59,03/10/2026 05:36
eebb4c30-f634-429b-8ab7-8147584fdf12,countless.it,expiring,,,high,low,9,,28/09/2011 00:20,11/10/2026 00:00,03/10/2026 05:16
1c5832a8-d567-4f93-a1ba-d78a1d8574ea,floater.us,expiring,,,high,low,7,united-domains GmbH,07/10/2015 06:10,06/10/2026 23:59,03/10/2026 05:00
35a56655-9bf4-45d0-84fd-1b95844d16f7,import.feedback,expiring,,,high,low,6,Tucows Registry Services,15/10/2015 19:37,15/10/2026 23:59,03/10/2026 05:39
aa39cd9c-36d4-408f-bfe1-f72c91d7d1f7,exercise.you,expiring,,,high,low,8,"Spaceship, Inc.",07/10/2025 03:59,07/10/2026 03:59,03/10/2026 05:01
a51e6ca4-ad77-4044-a8b3-95d507c95242,specialty.care,expiring,,,high,low,9,"Sav.com, LLC",28/10/2017 23:19,28/10/2026 23:19,03/10/2026 06:31
218752c3-c207-414d-9c08-cd7bbd1996b3,soil.studio,expiring,,,high,low,4,"Spaceship, Inc.",07/11/2024 17:00,07/11/2026 17:00,03/10/2026 07:17
35f28ba1-1a8f-47c4-a855-8d3c1bd0e8a2,brisk.world,expiring,,,high,low,5,"Sav.com, LLC - 28",21/10/2025 15:15,21/10/2026 15:15,03/10/2026 06:07
b012df7c-4dcd-40ab-82b3-b2f163a1aecf,renovation.pro,expiring,,,high,low,10,"GoDaddy.com, LLC",16/11/2008 00:00,16/11/2026 00:00,03/10/2026 07:54
267fe1c5-2148-4ec8-a8fa-76186eecd519,baikal.digital,expiring,,,medium,low,6,"Soluciones Corporativas IP, SL",16/11/2025 03:18,16/11/2026 03:18,03/10/2026 07:54
75d4a31a-5a53-4d01-a364-6f18d3de352b,cooper.feedback,expiring,,,high,low,6,Tucows Registry Services,15/10/2015 19:36,15/10/2026 23:59,03/10/2026 05:35
cfe15128-fe0d-4415-ac94-5aa520907afd,xmas.top,expiring,,,high,low,4,Dynadot LLC,04/11/2024 19:48,04/11/2026 19:48,03/10/2026 07:02
72b7888c-0ea1-4686-a6d9-d4493fed2a9e,candace.top,expiring,,,high,low,7,"NameSilo,LLC",10/10/2024 13:58,10/10/2026 13:58,03/10/2026 05:13
74e4cb52-43c8-4b3b-a885-2f33a86f1296,epic.markets,expiring,,,high,medium,4,Dynadot Inc,16/10/2025 17:00,16/10/2026 17:00,03/10/2026 05:51
a08653d9-46dd-4d30-94f9-e19a618cbaa2,panel.monster,expiring,,,high,low,5,Dynadot Inc,30/10/2025 14:47,30/10/2026 23:59,03/10/2026 06:38
22c779ac-b360-45a6-ba24-51639d3f3f2f,bagger.expert,expiring,,,high,low,6,IONOS SE,08/11/2014 19:16,08/11/2026 19:16,03/10/2026 07:23
b82abf77-d0e9-49e2-a3a9-755609ac9367,matched.beauty,expiring,,,high,low,7,"Key-Systems, LLC",09/11/2023 14:46,09/11/2026 23:59,03/10/2026 07:28
82dff899-960d-4efd-9626-b68844578aa6,comebacker.com,expiring,,,high,high,10,"GoDaddy.com, LLC",31/10/2011 18:36,31/10/2026 18:36,03/10/2026 06:41
969eb4f8-3ed7-4675-ba40-cffc199d158a,ushers.feedback,expiring,,,medium,low,6,Tucows Registry Services,15/10/2015 19:37,15/10/2026 23:59,03/10/2026 05:48
d85a96f7-68bf-4b09-8b31-d9bdb73379fd,vistas.xyz,expiring,,,high,medium,6,"NameCheap, Inc.",24/10/2025 21:31,24/10/2026 23:59,03/10/2026 06:19
9300b39d-9f9a-4f5e-bb5b-02e6b8e8b8cd,sale.red,expiring,,,high,low,4,"Spaceship, Inc.",05/11/2021 14:30,05/11/2026 14:30,03/10/2026 07:06
bffa2def-d8d7-4557-92b2-b262cac9e787,animated.training,expiring,,,high,low,8,Tucows Domains Inc.,18/10/2023 06:21,18/10/2026 06:21,03/10/2026 05:56
7165bfb0-bc52-429e-b412-bd0e374c9655,nice.works,expiring,,,high,medium,4,"Spaceship, Inc.",09/10/2023 15:15,09/10/2026 15:15,03/10/2026 05:10
5b793c71-1200-4a3c-9815-cf4b1e83099d,special.company,expiring,,,high,low,7,"Spaceship, Inc.",07/11/2024 15:15,07/11/2026 15:15,03/10/2026 07:16
da330b7d-60b1-4e1c-94e1-a63fb3261b6b,zoology.one,expiring,,,high,low,7,Porkbun,13/10/2024 00:17,13/10/2026 00:17,03/10/2026 05:22
19a35472-cdf0-4a64-b1d0-664100959911,everything.team,expiring,,,high,medium,10,"Sav.com, LLC - 13",15/10/2025 15:15,15/10/2026 15:15,03/10/2026 05:31
8e31a39d-7e31-4ada-8391-4c22a1c79698,kim.fm,expiring,,,high,low,3,Porkbun LLC,21/10/2006 23:59,20/10/2026 23:59,03/10/2026 06:06
4a1cd2b7-4e22-4534-a142-4b1fdd3bd613,hybrid.feedback,expiring,,,high,low,6,Tucows Registry Services,15/10/2015 19:37,15/10/2026 23:59,03/10/2026 05:39
ca8c3590-1139-4524-83f4-f7c5bd03f9e4,special.sale,expiring,,,high,low,7,Porkbun LLC,06/11/2019 11:12,06/11/2026 11:12,03/10/2026 07:10
a9a00732-70d7-4f22-9ef1-2cf9ca2b3666,tang.life,expiring,,,high,low,4,"Sav.com, LLC - 37",26/10/2025 15:16,26/10/2026 15:16,03/10/2026 06:23
eb95ca13-1d72-4e8d-ac4d-48f3b6e6a4eb,grow.social,expiring,,,high,medium,4,"Chengdu West Dimension Digital Technology Co., Ltd.",03/11/2025 15:15,03/11/2026 15:15,03/10/2026 06:55
a83d3794-756e-49c8-bc95-1c3cff4805c6,brooklyn.vc,expiring,,,high,low,8,Gandi SAS,08/11/2011 01:22,08/11/2026 01:22,03/10/2026 07:20
6f0a38c2-222d-4705-b5c5-a67171c24caa,tracey.page,expiring,,,medium,low,6,"CloudFlare, Inc.",11/11/2018 12:39,11/11/2026 12:39,03/10/2026 07:33
630f1f78-b15e-4aa3-8ef2-6316f3dd4679,viewers.it,expiring,,,medium,low,7,,18/10/2009 11:54,04/11/2026 00:00,03/10/2026 06:58
fdf24c0c-b93c-4b8d-8573-bd70b40ca51b,climate.games,expiring,,,high,medium,7,"Xiamen ChinaSource Internet Service Co., Ltd",22/10/2025 15:15,22/10/2026 15:15,03/10/2026 06:10
6a35c2b5-3656-4394-9645-388e523abfaf,heart.city,expiring,,,high,low,5,Unstoppable Domains Inc,05/11/2015 18:29,05/11/2026 18:29,03/10/2026 07:07
79db50bf-368f-49fc-89ed-2624328dd823,absinthe.bz,expiring,,,high,low,8,Key-Systems GmbH,13/11/2018 09:51,13/11/2026 09:51,03/10/2026 07:42
d3f22985-98f8-498e-a906-8e40b4796978,skill.games,expiring,,,high,medium,5,"NameCheap, Inc.",05/11/2022 06:09,05/11/2026 06:09,03/10/2026 07:05
64d046e3-3838-4aed-a353-2117387c55b3,attending.xyz,expiring,,,high,low,9,"GoDaddy.com, LLC",05/11/2021 10:51,05/11/2026 23:59,03/10/2026 07:08
cb3017c9-f493-4ca6-bf40-e95a1607bed5,echoing.net,expiring,,,high,low,7,DropCatch.com 1077 LLC,26/10/2025 18:21,26/10/2026 18:21,03/10/2026 06:24
58918101-56d5-4dca-bdb6-e1917e560a2d,annuity.asia,expiring,,,high,low,7,Dynadot Inc,20/10/2019 01:05,20/10/2026 01:05,03/10/2026 06:04
a1a945d6-e7c9-49eb-85a0-027269d72cf9,upstate.feedback,expiring,,,high,low,7,Tucows Registry Services,15/10/2015 19:37,15/10/2026 23:59,03/10/2026 05:47
96b2c04d-7b11-47c0-ac8c-d2323d33924d,depression.online,expiring,,,high,low,10,Xin Net Technology Corporation,11/11/2016 19:50,11/11/2026 23:59,03/10/2026 07:36
42d881c2-b88c-4777-bd77-fa7cdcccf8cd,sharks.eco,expiring,,,medium,low,6,Squarespace Domains II LLC,10/11/2025 22:49,10/11/2026 22:49,03/10/2026 07:31
48dad324-d48a-48c1-af8d-efe65d46bc2a,hospitable.co,expiring,,,high,low,10,"Spaceship, Inc.",13/10/2017 02:39,12/10/2026 23:59,03/10/2026 05:22
8f138b3e-6251-4c85-b06b-c42469a322cd,infatuated.org,expiring,,,high,low,10,"Network Solutions, LLC",05/11/2018 14:30,05/11/2026 14:30,03/10/2026 07:06
12418bbc-c99b-4a46-bd77-bc1b108aa1a1,atrium.net,expiring,,,high,low,6,"GoDaddy.com, LLC",12/11/1996 05:00,11/11/2026 05:00,03/10/2026 07:33
a675d631-bc28-4eb3-9950-5071d1a3e439,quiet.dev,expiring,,,high,low,5,Squarespace Domains II LLC.,03/11/2019 22:29,03/11/2026 22:29,03/10/2026 06:56
3f636388-7c73-4ee7-9938-f1843c56d462,rigid.rocks,expiring,,,high,low,5,Porkbun LLC,24/10/2021 10:26,24/10/2026 10:26,03/10/2026 06:16
8e314591-6822-4eff-afe8-004e94622ec2,populace.ai,expiring,,,high,low,8,101domain GRS Limited,15/12/2017 22:35,09/10/2026 22:35,03/10/2026 05:11
4f60f6a5-d857-4648-8b8f-9cf38c20c534,overlook.services,expiring,,,high,low,8,"GoDaddy.com, LLC",26/10/2025 14:33,26/10/2026 14:33,03/10/2026 06:23
98341e9c-2d7c-4f48-aad7-f9995cdab2f3,story.social,expiring,,,high,medium,5,Squarespace Domains II LLC,10/11/2021 17:22,10/11/2026 17:22,03/10/2026 07:30
1bb0dac0-6d31-44ba-8c59-8735987df777,natural.team,expiring,,,high,low,7,"DNSPod, Inc.",08/10/2018 00:28,08/10/2026 00:28,04/10/2026 00:30
93d61578-1981-4e79-b8ac-29f6bc227f5f,praiseful.com,expiring,,,medium,low,9,"GoDaddy.com, LLC",19/10/2014 18:30,19/10/2026 18:30,03/10/2026 06:01
f13bd0f5-a567-47e9-90ec-ad07ffadf2f8,polling.me,expiring,,,high,low,7,"GoDaddy.com, LLC",11/10/2015 04:48,11/10/2026 04:48,03/10/2026 05:16
52994eed-63f9-48f1-8990-9b01db6895d0,ipad.melbourne,expiring,,,high,high,4,Nom-iq Ltd. dba COM LAUDE,11/11/2014 23:41,11/11/2026 23:41,03/10/2026 07:36
087d0e12-ab88-4b5e-b40d-5c10d7cc2682,unite.fit,expiring,,,high,low,5,"GoDaddy.com, LLC",10/11/2015 03:07,10/11/2026 03:07,03/10/2026 07:28
f1ef82ea-d0e4-4784-84ed-fe21a7c9de36,admit.tech,expiring,,,high,low,5,"GoDaddy.com, LLC",02/11/2023 09:42,02/11/2026 23:59,03/10/2026 06:52
65544f48-46bb-44a0-841e-810a3f222220,esther.dog,expiring,,,high,low,6,Porkbun LLC,11/10/2025 02:34,11/10/2026 02:34,03/10/2026 05:16
39601084-9621-425d-a9ac-d868034c95f4,spine.health,expiring,,,high,low,5,"GoDaddy.com, LLC",08/11/2023 01:21,08/11/2026 01:21,03/10/2026 07:20
7db31eb8-6914-4757-bba8-c7e9c79ff23a,anthem.uno,expiring,,,high,high,6,"GoDaddy.com, LLC",06/11/2025 03:38,06/11/2026 23:59,03/10/2026 07:13
3fc93fc8-ab52-49ab-9896-f35ff3ff283a,share.mba,expiring,,,high,medium,5,"Spaceship, Inc.",25/10/2025 22:31,25/10/2026 22:31,03/10/2026 06:21
75c03feb-ebc6-4efd-9618-84d1f42abbc6,epic.tax,expiring,,,high,medium,4,"DNSPod, Inc.",23/10/2021 13:15,23/10/2026 13:15,03/10/2026 06:13
32aca102-fd03-4574-9e0d-3977f44e90b6,dom.chat,expiring,,,high,medium,3,Tucows Domains Inc.,27/10/2022 15:24,27/10/2026 15:24,03/10/2026 06:26
ab779f46-3214-49e0-bde3-fdc5c8670de2,tot.moe,expiring,,,high,low,3,"NameSilo, LLC",05/11/2020 08:06,05/11/2026 08:06,03/10/2026 07:05
b51455cf-a7c8-428c-8e8a-e6af18d88451,keen.solutions,expiring,,,high,low,4,"Sav.com, LLC",31/10/2025 09:33,31/10/2026 09:33,03/10/2026 06:39
10ccd5a2-d869-4037-a5d6-0010c738ea32,raccoon.moe,expiring,,,high,low,7,Porkbun,15/10/2020 12:45,15/10/2026 12:45,03/10/2026 05:30
19780e82-c468-4b9d-ac48-49825f793cc4,surf.in,expiring,,,high,low,4,Suryanandan.net,03/11/2018 20:03,03/11/2026 20:03,03/10/2026 06:56
13ce2911-384c-4b26-826a-9c1365d51357,mechanic.camp,expiring,,,high,low,8,Porkbun LLC,23/10/2020 15:07,23/10/2026 15:07,03/10/2026 06:13
ee851019-26f4-422e-bafd-62d3431e798d,one.camp,expiring,,,high,medium,3,Dynadot Inc,21/10/2017 06:54,21/10/2026 06:54,03/10/2026 06:07
7bf62f0d-0b42-42ce-b843-4e0eecb6519b,vegan.feedback,expiring,,,high,medium,5,Tucows Registry Services,15/10/2015 19:37,15/10/2026 23:59,03/10/2026 05:48
71441752-271c-4df1-9c9c-41798714d4df,alcoholism.uk,expiring,,,medium,low,10,Enterfirst Ltd,07/10/2015 04:00,07/10/2026 04:00,03/10/2026 05:01
af6ba47a-a23b-4fa5-84e0-2d05d5b7ed9d,photo.technology,expiring,,,high,medium,5,"Spaceship, Inc.",15/10/2021 13:15,15/10/2026 13:15,03/10/2026 05:30
748d8463-59da-40b8-81be-3f104bdfb18b,creative.studio,expiring,,,high,medium,8,"GoDaddy.com, LLC",18/11/2015 02:26,18/11/2026 02:26,03/10/2026 18:19
d596d17e-269d-43c0-8cc0-94356f41bfde,comet.pet,expiring,,,high,low,5,"Cloudflare, Inc",07/11/2024 19:53,07/11/2026 19:53,03/10/2026 07:17
eb83ae4e-7444-49dd-8aad-70e49f48bd3a,academics.world,expiring,,,high,low,9,"DNSPod, Inc.",03/11/2021 13:15,03/11/2026 13:15,04/10/2026 02:08
a55e0333-02bb-410d-ab6f-873798c6b8cd,charge.studio,expiring,,,high,low,6,"Xiamen ChinaSource Internet Service Co., Ltd",10/11/2025 15:16,10/11/2026 15:16,03/10/2026 07:30
31887b53-83ab-4123-a3b5-c95f46a9df2d,factory.info,expiring,,,high,low,7,"Chengdu West Dimension Digital Technology Co., Ltd.",29/10/2025 15:15,29/10/2026 15:15,03/10/2026 06:33
3a68c1b8-a379-4d2d-8f03-e3a0942e2ce7,sung.email,expiring,,,high,low,4,InterNetX GmbH,10/11/2014 11:11,10/11/2026 11:11,03/10/2026 07:29
c9c6ec24-93f2-4f26-81d6-b2f1479fb9db,aright.io,expiring,,,high,low,6,"GoDaddy.com, LLC",04/10/2022 13:01,04/10/2026 13:01,03/10/2026 04:50
19116ec2-f6bb-416a-aaae-25f8dcc26ada,monday.fans,expiring,,,high,low,6,"GoDaddy Corporate Domains, LLC",05/11/2017 13:01,05/11/2026 23:59,03/10/2026 07:08
e1d8cd94-74ad-4555-b687-189c2b16d8f6,intern.feedback,expiring,,,high,low,6,Tucows Registry Services,15/10/2015 19:37,15/10/2026 23:59,03/10/2026 05:39
f1b9fd25-b4db-4fc6-8fae-32d7dfc7a4f2,chain.solar,expiring,,,high,low,5,Porkbun LLC,18/10/2020 02:53,18/10/2026 02:53,03/10/2026 05:56
3eb88a5b-9518-47d2-ac4a-6c07f7c2a803,israeli.it,expiring,,,high,low,7,,20/10/2012 19:45,04/11/2026 00:00,03/10/2026 06:57
f6c71b06-d120-4f3d-9258-3658b8d2abe1,reef.ink,expiring,,,high,low,4,Porkbun,19/10/2022 12:05,19/10/2026 12:05,03/10/2026 06:00
f413dbb8-aa8e-41e8-9d2e-d4aa4952930d,firmness.xyz,expiring,,,high,high,8,Ligne Web Services SAS dba LWS,01/11/2025 20:47,01/11/2026 23:59,03/10/2026 06:46
6d326fae-d6dc-47c3-a4f5-fd82916fcf4d,toro.restaurant,expiring,,,high,high,4,"eNom, LLC",04/11/2014 18:35,04/11/2026 18:35,03/10/2026 07:01
15833aca-a426-47f9-8ec8-a7c205d27c50,nicholson.group,expiring,,,high,low,9,"Chengdu West Dimension Digital Technology Co., Ltd.",14/11/2019 16:19,14/11/2026 16:19,03/10/2026 07:47
7721d9c4-66c4-408e-a50d-b88f20c03046,loonie.xyz,expiring,,,high,high,6,Automattic Inc.,25/10/2022 23:50,25/10/2026 23:59,03/10/2026 06:21
8e44e5be-4fc2-41a4-a44b-3ba8564bd8c0,slunk.xyz,expiring,,,high,high,5,"GMO Internet Group, Inc. d/b/a Onamae.com",17/10/2025 03:51,17/10/2026 23:59,03/10/2026 05:55
0ada397a-7b75-4964-b87e-f2549628706f,unbeatable.online,expiring,,,high,low,10,"GoDaddy.com, LLC",04/11/2025 20:10,04/11/2026 23:59,03/10/2026 07:04
27903ccf-8faf-4db6-b3d9-e2b2387b584e,aladdin.nyc,expiring,9476,,high,medium,7,"GoDaddy.com, LLC",02/11/2014 04:53,01/11/2026 23:59,03/10/2026 06:45
0d2c6959-d684-4e32-b670-69dfa0f7151c,flex.support,expiring,,,high,medium,4,Squarespace Domains II LLC,05/11/2019 15:19,05/11/2026 15:19,03/10/2026 07:06
6def4e21-28c2-46f4-938a-060acc505344,democrat.lgbt,expiring,,,high,low,8,1API GmbH,02/11/2021 18:13,02/11/2026 18:13,03/10/2026 06:51
db3722ed-ae96-4866-9b0e-fd45bd3c68e9,ebullient.io,expiring,,,high,low,9,"Sav.com, LLC",03/11/2024 19:22,03/11/2026 19:22,03/10/2026 06:56
67445783-07d3-4412-b1cc-7884b2b5f484,california.show,expiring,,,high,medium,10,"Xiamen ChinaSource Internet Service Co., Ltd",14/10/2018 19:04,14/10/2026 19:04,03/10/2026 05:28
2a0c4227-2c72-4964-9a9c-05e5fcbe292e,targets.doctor,expiring,,,medium,low,7,"Go Australia Domains, LLC",02/11/2016 16:00,02/11/2026 16:00,03/10/2026 06:50
cb7d51d3-5d51-401b-81cb-170f8f259078,reliableness.com,expiring,,,high,high,12,"GoDaddy.com, LLC",02/11/2017 18:29,02/11/2026 18:29,03/10/2026 06:51
06877051-cd11-4085-8d29-c718ff104d23,bent.world,expiring,,,medium,low,4,"Sav.com, LLC",11/10/2025 18:58,11/10/2026 18:58,03/10/2026 05:18
afc53096-2c3e-4635-9bd2-420f1be93e5f,medicine.wtf,expiring,,,high,low,8,"Sav.com, LLC - 46",13/11/2025 15:15,13/11/2026 15:15,03/10/2026 07:42
0059a90d-e7df-4ec8-8858-3f27bf1f8b06,toaster.network,expiring,,,high,low,7,Gandi SAS,06/11/2017 21:26,06/11/2026 21:26,03/10/2026 07:12
463c0880-2341-4d18-bf34-10b9edcdd308,ssc.rocks,expiring,,,high,low,3,"GoDaddy.com, LLC",05/11/2014 15:34,05/11/2026 15:34,03/10/2026 07:07
6b03b9aa-07d2-42de-9eec-e339eb9fdb1a,mobiles.reviews,expiring,,,medium,low,7,OVH SAS,16/10/2015 15:40,16/10/2026 15:40,03/10/2026 05:51
4cec7617-bfe9-4cae-93e9-2ef1e6a00bd5,cocoon.farm,expiring,,,high,low,6,"Spaceship, Inc.",29/10/2025 16:22,29/10/2026 16:22,03/10/2026 06:33
2f414f86-a9fe-4a37-8c53-1e46b3b389a3,translation.media,expiring,,,high,low,11,"Spaceship, Inc.",07/10/2025 01:16,07/10/2026 01:16,03/10/2026 05:01
abede8df-626b-4915-ae9f-808433d7eca9,cults.xyz,expiring,,,medium,low,5,"Global Domains International, Inc. DBA DomainCostClub.com",17/11/2018 23:10,17/11/2026 23:59,03/10/2026 04:21
88e224a8-2ecc-48b7-8c21-740d4be83346,swiss.parts,expiring,,,high,medium,5,"GoDaddy.com, LLC",08/10/2020 16:46,08/10/2026 16:46,03/10/2026 05:07
3bfc001b-a5ff-4074-99c2-afb4a6989a41,mayo.co,expiring,,,high,low,4,"GoDaddy.com, LLC",05/10/2018 17:00,05/10/2026 23:59,03/10/2026 04:56
9d84fa05-63cd-468b-9d10-63accea50c03,line.earth,expiring,,,high,medium,4,"GoDaddy.com, LLC",08/10/2020 00:29,08/10/2026 00:29,03/10/2026 05:05
b90a94fe-83b9-463a-abc6-ad64d49866d6,jeffrey.feedback,expiring,,,high,low,7,Tucows Registry Services,15/10/2015 19:37,15/10/2026 23:59,03/10/2026 05:39
62dd8aed-a030-4021-87b4-77da6b2d3c92,andrew.irish,expiring,,,high,medium,6,"Spaceship, Inc.",29/10/2024 14:46,29/10/2026 14:46,03/10/2026 06:32
858ef960-a8cb-4eb8-813e-f387ab6ac721,employers.inc,expiring,,,high,low,9,"CSC Corporate Domains, Inc.",14/10/2020 00:45,14/10/2026 23:59,03/10/2026 05:29
acde9fb7-0685-4576-a78a-8ee73cc131f7,chain.international,expiring,,,high,low,5,"Sav.com, LLC",10/11/2020 09:13,10/11/2026 09:13,03/10/2026 07:29
4a36b355-825c-4636-a6d1-c73b4e5bc752,limpkin.uk,expiring,,,medium,low,7,Squarespace Domains LLC t/a SQUARESPACE DOMAINS,06/11/2022 16:02,06/11/2026 16:02,03/10/2026 07:11
fadf531a-5f4e-46d0-a1f1-3d9580b181b3,lead.ca,expiring,,,high,medium,4,Webnames.ca Inc.,29/10/2000 03:32,23/10/2026 04:00,03/10/2026 06:13
f3d1ae05-50ef-4e99-93e5-8a3bc635059f,shine.feedback,expiring,,,high,low,5,Tucows Registry Services,15/10/2015 19:37,15/10/2026 23:59,03/10/2026 05:45
cd558655-807d-49b6-9282-005f67bd0787,cummings.group,expiring,,,medium,low,8,"Chengdu West Dimension Digital Technology Co., Ltd.",14/11/2019 16:16,14/11/2026 16:16,03/10/2026 07:47
ab05970b-a708-489b-8c93-5b2f2622e16d,storytelling.photography,expiring,,,high,low,12,"Name.com, Inc.",14/10/2016 22:07,14/10/2026 22:07,03/10/2026 05:28
aed18e8f-0cc7-4b8f-b368-888d3d6d1c3a,yvette.feedback,expiring,,,medium,low,6,Tucows Registry Services,15/10/2015 19:37,15/10/2026 23:59,03/10/2026 05:49
3ed1c567-3872-46ea-bf86-4b844416391f,married.lat,expiring,,,high,low,7,"NameCheap, Inc.",02/11/2025 12:14,02/11/2026 23:59,03/10/2026 06:52
9040d3c3-e671-4a38-962e-0fecec67d143,ceramics.pro,expiring,,,high,low,8,DropCatch.com 368 LLC,06/10/2025 15:15,06/10/2026 15:15,03/10/2026 04:58
66369994-3051-4f1a-b0d3-49c1e1c36894,vagabond.it,expiring,,,high,low,8,,20/10/2020 09:00,20/10/2026 00:00,03/10/2026 06:03
7621c5e4-5dc3-4ed1-92a1-892a987cf162,dis.feedback,expiring,,,high,low,3,Tucows Registry Services,15/10/2015 19:37,15/10/2026 23:59,03/10/2026 05:36
c4011c57-e771-4331-b2c9-d79296b69865,constituents.app,expiring,,,medium,low,12,Porkbun LLC,01/11/2019 13:26,01/11/2026 13:26,03/10/2026 06:43
2ffc991c-4d69-4cd5-9f01-4f920593dde0,ceo.chat,expiring,,,high,low,3,"NameCheap, Inc.",15/11/2025 15:15,15/11/2026 15:15,03/10/2026 07:52
096bc9f8-5fb3-4c73-8cb1-fdb69c7beab9,piano.media,expiring,,,high,low,5,"Xiamen ChinaSource Internet Service Co., Ltd",18/10/2015 00:00,18/10/2026 00:00,03/10/2026 05:56
b5e6b3a9-8190-461f-a2bb-f1b9ed91b402,burner.feedback,expiring,,,high,low,6,Tucows Registry Services,15/10/2015 19:36,15/10/2026 23:59,03/10/2026 05:34
f5809fbb-5f03-4b59-b6d2-77abbc37494c,tuna.world,expiring,,,high,low,4,"Sav.com, LLC - 35",30/10/2023 15:15,30/10/2026 15:15,03/10/2026 06:36
6dacc04d-36f0-4538-adbd-78b8b576229e,sound.cx,expiring,,,high,medium,5,CentralNic Ltd,06/11/2025 09:40,06/11/2026 09:40,03/10/2026 07:10
90864074-a353-4cf5-89a9-d038ab3a1267,busted.biz,expiring,,,medium,low,6,"NameSilo, LLC",14/11/2025 22:04,14/11/2026 22:04,03/10/2026 07:49
2ea26146-00fa-47c5-acda-79dc33ca8627,mobile.team,expiring,,,high,medium,6,"Chengdu West Dimension Digital Technology Co., Ltd.",22/10/2025 15:15,22/10/2026 15:15,03/10/2026 06:10
1f54d6d8-a155-4f12-afce-679d14c71952,landscaping.guru,expiring,,,high,low,11,"Sav.com, LLC",07/10/2025 16:39,07/10/2026 16:39,03/10/2026 05:03
e8561dcd-2524-4db0-9129-ed3dc3e8a8d0,jewelry.fans,expiring,,,high,low,7,"DNSPod, Inc.",20/10/2024 09:17,20/10/2026 23:59,03/10/2026 06:06
1b02c6ac-5a49-43ce-9a3b-f7efd8586fe6,faster.bio,expiring,,,high,low,6,"GoDaddy.com, LLC",01/11/2019 22:25,01/11/2026 22:25,03/10/2026 06:45
6a76820c-6abc-4c5e-8339-9e175e0c8643,theodora.feedback,expiring,,,medium,low,8,Tucows Registry Services,15/10/2015 19:37,15/10/2026 23:59,03/10/2026 05:47
3f1d8206-a2eb-4ad3-b0a7-c9cea0590863,calder.store,expiring,,,high,low,6,Dattatec Corp,31/10/2024 00:04,31/10/2026 23:59,03/10/2026 06:41
d863c456-16fd-4bf2-90bb-d1c7cbae8a13,automaton.tools,expiring,,,high,low,9,Squarespace Domains II LLC,22/10/2019 19:32,22/10/2026 19:32,03/10/2026 06:11
e08b8de5-4e70-47d2-abe1-bfa76399473d,jonas.engineer,expiring,,,high,low,5,"Cloudflare, Inc",16/11/2024 16:43,16/11/2026 16:43,03/10/2026 07:56
5c2d75f8-d8b4-449a-89ec-cc45f7962d64,madagascar.us,expiring,,,high,high,10,RegistryGate GmbH,02/11/2010 18:04,01/11/2026 23:59,03/10/2026 06:46
9deda0d1-88fe-40ad-a669-48532ab99fd1,cns.xyz,expiring,,,medium,low,3,Squarespace Domains II LLC,14/11/2021 23:40,14/11/2026 23:59,03/10/2026 07:50
db3588fb-ef7f-48e4-bcf6-11ef61403135,amazing.community,expiring,,,high,low,7,Dynadot Inc,07/11/2025 03:37,07/11/2026 03:37,03/10/2026 07:15
c6fb7cd5-c01d-4440-9616-b2ebf9cf773d,myrna.feedback,expiring,,,medium,low,5,Tucows Registry Services,15/10/2015 19:37,15/10/2026 23:59,03/10/2026 15:26
c4984b12-c95f-4544-bc7b-deb55b7cda60,isaacs.ca,expiring,,,medium,low,6,egate DOMAINS Inc.,09/10/2005 18:00,09/10/2026 04:00,03/10/2026 05:09
d5fd951a-0697-4a42-a215-66a437272bc5,denim.sexy,expiring,,,high,low,5,1API GmbH,17/11/2015 00:56,17/11/2026 00:56,03/10/2026 19:04
9444d21b-1555-4251-86ae-d6a7ea70d43f,betsy.group,expiring,,,medium,low,5,"Chengdu West Dimension Digital Technology Co., Ltd.",06/11/2025 09:10,06/11/2026 09:10,03/10/2026 07:09
d27b0e23-9c48-4afb-a419-123475ef6790,intellectuals.net,expiring,,,medium,low,13,DropCatch.com 638 LLC,19/10/2025 18:20,19/10/2026 18:20,03/10/2026 06:01
08fc8ddb-5997-4d1b-9bf2-716bda437cb5,babu.io,expiring,,,high,low,4,"Spaceship, Inc.",25/10/2021 14:30,25/10/2026 14:30,03/10/2026 06:20
27202d18-fb2b-4adb-b52c-6c29b13729da,kristine.coach,expiring,,,medium,low,8,"GoDaddy.com, LLC",07/11/2021 16:17,07/11/2026 16:17,03/10/2026 07:17
19ba6535-d47e-4c0e-838a-dec54c6653c8,medical.social,expiring,,,high,low,7,Squarespace Domains II LLC,30/10/2022 22:06,30/10/2026 22:06,03/10/2026 06:37
8b5b87e5-113c-4a04-b4b6-aab253170a65,lending.feedback,expiring,,,high,low,7,Tucows Registry Services,15/10/2015 19:37,15/10/2026 23:59,03/10/2026 05:40
c99547ab-0492-479f-8450-4893ccab809c,eggs.club,expiring,,,high,low,4,1API GmbH,07/10/2015 14:09,06/10/2026 23:59,03/10/2026 05:00
09d9e8e6-4bb6-490b-97ce-d9be551239c8,syllable.army,expiring,,,high,low,8,Squarespace Domains II LLC,26/10/2022 08:56,26/10/2026 08:56,03/10/2026 06:22
555f9ed2-9d94-4082-829a-f24e8a39d0d2,beverly.club,expiring,,,high,low,7,"GoDaddy.com, LLC",10/10/2018 17:07,10/10/2026 17:07,03/10/2026 05:14
49e9b164-9332-4a5d-8dd4-f4157116a495,walters.co,expiring,,,high,low,7,"GoDaddy.com, LLC",06/10/2024 17:00,06/10/2026 23:59,03/10/2026 05:00
51ff5e4d-91c9-44fd-9561-65fef6786d09,hang.info,expiring,,,high,low,4,"Sav.com, LLC - 41",27/10/2025 15:15,27/10/2026 15:15,03/10/2026 06:26
aa4e9eff-b91a-4da2-9a61-8393bb17c4dc,technopolis.app,expiring,,,high,medium,11,"CloudFlare, Inc.",07/11/2025 22:51,07/11/2026 22:51,03/10/2026 07:18
fc54f4fd-cea4-49b8-bc02-79917b0cde66,swings.cool,expiring,,,medium,low,6,Epik LLC,01/11/2024 21:29,01/11/2026 21:29,03/10/2026 06:45
f9c709f0-4e10-4447-b92b-b510dd221cce,summit.doctor,expiring,,,high,medium,6,"Go Canada Domains, LLC",02/11/2016 16:00,02/11/2026 16:00,03/10/2026 06:50
ffb1358e-06f2-4804-b0c3-6270a30bf90d,questions.net,expiring,,,high,low,9,GoDaddy Online Services Cayman Islands Ltd.,29/10/2003 19:13,29/10/2026 18:13,03/10/2026 06:33
0eac6f85-997a-429d-bc09-28db4a328039,commission.to,expiring,,,high,low,10,Tonic,13/11/2025 06:27,13/11/2026 06:27,03/10/2026 07:41
f99c2090-c7d4-4006-b81e-e14784c29981,foodservice.today,expiring,,,high,low,12,"Sav.com, LLC",14/10/2025 21:39,14/10/2026 21:39,03/10/2026 05:28
5fe5a5b4-47a5-4d17-ab1e-94650d95928a,adaptable.health,expiring,,,high,low,9,"Spaceship, Inc.",08/11/2025 00:30,08/11/2026 00:30,03/10/2026 07:19
6fc39a3c-da59-4a58-85a0-bc5b48918361,brainy.chat,expiring,,,high,low,6,"DNSPod, Inc.",31/10/2023 15:15,31/10/2026 15:15,03/10/2026 06:40
25cb8954-d7fb-49ec-ac31-92ea686546a1,sugarloaf.app,expiring,,,high,high,9,"Global Domains International, Inc. DBA DomainCostClub.com",01/11/2020 00:42,01/11/2026 00:42,03/10/2026 06:42
679e7b38-be97-457d-bc46-cad0d79ad64d,osprey.pro,expiring,,,high,high,6,"Sav.com, LLC - 34",29/10/2025 15:15,29/10/2026 15:15,03/10/2026 06:32
334694fb-4a24-41f1-a5a7-bf2cb0435a1d,fears.uk,expiring,,,medium,low,5,Mr Pravesh Solanki,20/10/2015 10:41,20/10/2026 10:41,03/10/2026 06:04
0ad343ec-0887-43b5-a8a7-1caac5141b54,staff.discount,expiring,,,high,low,5,Porkbun LLC,08/10/2025 11:50,08/10/2026 11:50,03/10/2026 10:24
bc25bc92-f520-4faf-992f-b7682072021c,insert.us,expiring,,,high,low,6,Dynadot Inc,05/11/2019 00:02,05/11/2026 00:02,03/10/2026 07:04
5369aed2-a999-4b48-972c-5ff28b5af064,match.international,expiring,,,high,medium,5,Porkbun LLC,31/10/2020 04:37,31/10/2026 04:37,03/10/2026 06:39
683fa9fe-fa22-4c4d-959e-a016b315c926,chandra.feedback,expiring,,,medium,low,7,Tucows Registry Services,15/10/2015 19:36,15/10/2026 23:59,03/10/2026 05:35
68936ac3-9bf6-4977-ba3a-5141f495648a,imperialism.io,expiring,,,high,low,11,"Cloudflare, Inc",11/11/2025 09:59,11/11/2026 09:59,03/10/2026 07:33
e9dc374c-cbdf-447e-bcec-5b64a5ca8fdc,cargo.mobi,expiring,,,high,low,5,"Spaceship, Inc.",07/11/2025 23:04,07/11/2026 23:04,03/10/2026 07:18
d9d819c0-9d11-4242-ac9b-c82cd8787565,faux.coffee,expiring,,,high,low,4,"GoDaddy.com, LLC",08/10/2019 22:01,08/10/2026 22:01,03/10/2026 05:08
cbc7d4ca-0ff7-4f51-b57c-635ed0248327,web.cv,expiring,,,high,medium,3,ola.cv,13/06/2024 20:18,16/10/2026 00:00,03/10/2026 05:49
50527aa3-5026-48dd-b013-8f8225bc331f,words.media,expiring,,,high,low,5,"DNSPod, Inc.",09/10/2022 13:15,09/10/2026 13:15,03/10/2026 05:10
1edaef05-c61a-4512-84ad-8cfbadbf139e,psychiatrists.feedback,expiring,,,medium,low,13,Tucows Registry Services,15/10/2015 19:37,15/10/2026 23:59,03/10/2026 05:44
349995c3-e918-4edb-a5ae-e9c0acd42a0e,davos.city,expiring,,,high,low,5,"COREhub, S.R.L.",08/10/2014 16:00,08/10/2026 16:00,03/10/2026 05:43
9932dc09-87f7-4b81-9714-9875cd2f077a,boss.feedback,expiring,,,high,high,4,Tucows Registry Services,15/10/2015 19:36,15/10/2026 23:59,03/10/2026 05:34
bf977397-6b3e-413f-9370-a6176f57d642,lima.golf,expiring,,,high,low,4,Porkbun LLC,10/11/2025 17:14,10/11/2026 17:14,03/10/2026 07:30
09a04b8b-3bd0-4ad9-a24c-2093d8086c31,lewis.rip,expiring,,,high,low,5,Squarespace Domains II LLC,11/10/2020 22:26,11/10/2026 22:26,03/10/2026 05:19
c5161686-c4ca-459a-9085-f0ac5599a34d,hebrew.to,expiring,,,high,low,6,Tonic,13/11/2025 06:29,13/11/2026 06:29,03/10/2026 07:41
316b3f37-2be1-4dd4-babb-692d31a9e0e7,indulge.store,expiring,,,high,low,7,Squarespace Domains LLC,01/11/2023 00:46,01/11/2026 23:59,03/10/2026 06:46
d6669b34-f326-41f5-8dfc-735939a67978,pizza.kitchen,expiring,,,high,medium,5,Dynadot Inc,01/11/2017 01:01,01/11/2026 01:01,04/10/2026 00:52
e8f4f46d-1c7e-4d33-9f08-9451d8d346fa,quadrilateral.io,expiring,,,high,low,13,"Cloudflare, Inc",31/10/2025 11:10,31/10/2026 11:10,03/10/2026 06:39
22c18492-c937-4c5e-a486-59094daa6d46,dane.dog,expiring,,,high,low,4,Squarespace Domains LLC,27/10/2024 20:58,27/10/2026 20:58,03/10/2026 06:27
7ae01017-281b-4071-b707-7357330d7700,pat.feedback,expiring,,,high,low,3,Tucows Registry Services,15/10/2015 19:37,15/10/2026 23:59,03/10/2026 05:43
547c0aea-8902-46c2-8e98-35b91dfcf45a,support.plus,expiring,,,high,medium,7,"GoDaddy.com, LLC",04/10/2023 06:52,04/10/2026 06:52,03/10/2026 04:50
4d8d725d-e0c5-4dff-8e85-ea82818e3703,shielding.top,expiring,,,medium,low,9,"Spaceship, Inc.",17/10/2025 04:44,17/10/2026 04:44,03/10/2026 05:53
56422f4e-436d-4dba-b16b-ea88489a0286,modem.cx,expiring,,,high,low,5,CentralNic Ltd,17/10/2025 23:59,17/10/2026 23:59,03/10/2026 05:55
80ca9ff3-95d3-4828-a76e-961055fcf391,industrialize.org,expiring,,,medium,low,13,DropCatch.com 1251 LLC,22/10/2022 13:15,22/10/2026 13:15,03/10/2026 06:10
85d8c021-631b-4169-9f39-4e2f71c949aa,sharp.media,expiring,,,high,low,5,"Chengdu West Dimension Digital Technology Co., Ltd.",08/10/2016 10:03,08/10/2026 10:03,03/10/2026 05:06
d02cf944-15b9-4cae-b5ff-57350d32b7c6,retirement.gifts,expiring,,,high,low,10,"Name.com, Inc.",11/11/2014 19:47,11/11/2026 19:47,03/10/2026 07:35
67f2c05f-cdf0-4cec-8e75-074205237a9a,heller.it,expiring,,,medium,low,6,,22/04/2002 00:00,14/10/2026 00:00,03/10/2026 05:26
15908d66-c80f-4013-943f-a1b008006134,rai.dog,expiring,,,high,low,3,Squarespace Domains II LLC,09/11/2022 04:47,09/11/2026 04:47,03/10/2026 07:25
98a33459-fe60-47ec-8c8b-b1c17478e2cc,imogen.info,expiring,,,medium,low,6,"eNom, LLC",18/10/2013 13:05,18/10/2026 13:05,03/10/2026 05:57
6f4c6153-ef5f-46a6-b2b1-23a01ee0731c,sophie.moda,expiring,,,high,low,6,Squarespace Domains II LLC,28/10/2023 00:02,28/10/2026 00:02,03/10/2026 06:28
45a75381-5d0e-4665-bb61-d9296e54022d,rang.cloud,expiring,,,high,low,4,"eNom, Inc.",28/10/2025 07:43,28/10/2026 07:43,03/10/2026 10:34
696dd4b7-031f-4e01-9dbc-f8c090e1981c,baseball.cc,expiring,,,high,low,8,Dynadot Inc,12/10/2004 07:17,12/10/2026 07:17,03/10/2026 05:20
e25cbbeb-736d-4250-829b-3d2122fb2942,ties.social,expiring,,,high,low,4,"Sav.com, LLC - 16",16/11/2025 15:15,16/11/2026 15:15,03/10/2026 07:56
7b6d8432-5138-4a93-aa1b-9d6e57710433,guest.social,expiring,,,high,low,5,"Xiamen ChinaSource Internet Service Co., Ltd",08/11/2025 15:15,08/11/2026 15:15,03/10/2026 07:22
f985fa6f-b273-425f-9691-635bc93f5df2,ground.bot,expiring,,,high,low,6,"NameCheap, Inc",13/11/2023 08:38,13/11/2026 08:38,03/10/2026 20:31
721f1d58-75a6-4f2e-b393-bfd2588439ec,pudgy.bid,expiring,,,medium,low,5,Porkbun,06/10/2025 16:41,06/10/2026 16:41,03/10/2026 04:59
864b18c2-63da-40e3-9771-2bb0408ca003,girlfriend.diy,expiring,,,medium,low,10,Porkbun LLC,09/10/2025 18:27,09/10/2026 18:27,03/10/2026 05:11
a3ac4e8a-629b-40ea-86b8-9c6f87e6975a,calm.run,expiring,,,high,low,4,"Sav.com, LLC - 41",03/11/2025 15:15,03/11/2026 15:15,03/10/2026 06:55
3a2de080-fe2c-4150-b373-8552cc59d15f,kristine.feedback,expiring,,,medium,low,8,Tucows Registry Services,15/10/2015 19:37,15/10/2026 23:59,03/10/2026 05:40
d5c4ece0-5593-48ac-8158-301121cd440c,fork.market,expiring,,,high,low,4,"DNSPod, Inc.",23/10/2022 13:15,23/10/2026 13:15,03/10/2026 06:13
2677a179-2812-4293-afc7-04ec913c914d,intake.casa,expiring,,,high,low,6,"NameCheap, Inc.",04/10/2025 06:19,04/10/2026 06:19,03/10/2026 04:50
b0cb5d1c-2902-4a31-9fcf-9ac22be75d6c,jay.chat,expiring,,,high,low,3,Squarespace Domains II LLC,05/11/2021 04:55,05/11/2026 04:55,03/10/2026 07:05
d9023702-923a-4852-b2c9-eee5b7e8a7cc,radius.feedback,expiring,,,high,low,6,Tucows Registry Services,15/10/2015 19:37,15/10/2026 23:59,03/10/2026 05:44
431b0bb9-ad4f-4786-8dab-79b9d63d0eb1,trance.it,expiring,,,high,low,6,,13/06/2006 00:00,07/10/2026 00:00,03/10/2026 05:01
0a6920af-8417-46e7-a081-2fd19963db7c,linz.pro,expiring,,,high,low,4,united-domains GmbH,19/10/2008 00:00,19/10/2026 00:00,03/10/2026 06:00
e78d8d61-5cbc-4c77-b621-c666cf205378,wrist.cloud,expiring,,,high,low,5,Squarespace Domains II LLC,01/11/2023 21:16,01/11/2026 21:16,03/10/2026 06:45
b654aa4f-bd2f-4aa9-8978-5cbedb795af2,home.cleaning,expiring,,,high,medium,4,Dynadot Inc,31/10/2017 23:20,31/10/2026 23:20,03/10/2026 06:41
a2ff9853-eb57-4e8d-a9dd-f59cb73d8481,unusual.now,expiring,,,high,low,7,"Spaceship, Inc.",15/11/2025 23:42,15/11/2026 23:42,03/10/2026 07:53
713489f9-327b-4202-9f44-3fb0c8dfd217,securing.life,expiring,,,medium,low,8,"Sav.com, LLC - 47",01/11/2025 15:15,01/11/2026 15:15,03/10/2026 16:59
b898fe43-5945-4657-bef7-001aa60cac55,disappearing.nyc,expiring,,,medium,low,12,1API GmbH,22/10/2014 17:44,21/10/2026 23:59,03/10/2026 06:09
644bfce8-fc44-44e3-ada2-a0e153f30c6c,dirt.feedback,expiring,,,high,low,4,Tucows Registry Services,15/10/2015 19:37,15/10/2026 23:59,03/10/2026 05:36
a700f6d1-624c-4f28-b463-eeb679053ae5,word.fish,expiring,,,high,low,4,Squarespace Domains II LLC,07/11/2015 22:18,07/11/2026 22:18,03/10/2026 07:18
5a078848-54ad-4daf-90a4-a37e24c6ce70,affiliates.city,expiring,,,high,low,10,"NameSilo, LLC",06/11/2025 07:09,06/11/2026 07:09,03/10/2026 07:09
2202ff81-00b4-4b41-be79-21a84a51bf3e,osu.cc,expiring,,,high,low,3,"Alibaba Cloud Computing (Beijing) Co., Ltd.",25/10/2011 11:50,25/10/2026 11:50,03/10/2026 06:19
e885b7b1-00ad-40ac-858d-c5664c801a87,figs.net,expiring,,,high,high,4,IONOS SE,10/11/1999 22:37,10/11/2026 22:37,03/10/2026 15:53
774589cc-01f7-4690-a6fb-c672e25dfa9c,bench.vc,expiring,,,high,low,5,"GoDaddy.com, LLC",11/10/2021 11:43,11/10/2026 11:43,03/10/2026 05:17
ae06da50-7e98-4562-b5db-207b7825f2f7,cool.xyz,expiring,,,high,medium,4,"Sav.com, LLC",04/11/2021 08:21,04/11/2026 23:59,03/10/2026 07:03
8b8d8b26-9788-4370-b964-f3ef82c07ec4,furniture.show,expiring,,,high,low,9,Dynadot Inc,14/10/2016 08:22,14/10/2026 08:22,03/10/2026 05:26
5b736fab-290d-4f83-b406-0f8e58a65bf5,web.limited,expiring,,,high,medium,3,"Spaceship, Inc.",01/11/2024 15:15,01/11/2026 15:15,03/10/2026 06:44
54da67b1-d0ed-48d8-93e7-4ab4a22739ee,crystal.nyc,expiring,,,high,low,7,Rabbitsfoot.com LLC d/b/a Oxygen.nyc,11/10/2016 16:27,10/10/2026 23:59,03/10/2026 05:15
22a14f20-5854-4039-be0a-d33d9a907ec1,decision.markets,expiring,,,high,low,8,"Cloudflare, Inc",04/11/2025 12:01,04/11/2026 12:01,03/10/2026 06:59
0b2d1b01-1137-4621-b5f2-d60f34424930,centre.games,expiring,,,high,low,6,"Sav.com, LLC - 28",31/10/2024 17:00,31/10/2026 17:00,03/10/2026 06:40
885a84f0-5bbf-4973-92b7-425d8c944f8d,arena.bio,expiring,,,high,medium,5,Porkbun LLC,15/11/2024 01:25,15/11/2026 01:25,03/10/2026 07:50
e41c8ba7-1e13-44ff-9454-bcbca326caea,graphene.bet,expiring,,,high,low,8,"NameCheap, Inc.",23/10/2023 05:13,23/10/2026 05:13,03/10/2026 06:13
27de3691-f2bc-4d1c-a5f6-c4cf91734a99,bezel.video,expiring,,,high,low,5,Squarespace Domains II LLC,02/11/2022 19:31,02/11/2026 19:31,03/10/2026 06:51
27d8b491-b89a-43a4-9537-8b32bd079b94,leanne.feedback,expiring,,,high,low,6,Tucows Registry Services,15/10/2015 19:37,15/10/2026 23:59,03/10/2026 05:40
7c070738-7126-40de-b3a2-cab10e9daf53,coins.feedback,expiring,,,high,medium,5,Tucows Registry Services,15/10/2015 19:36,15/10/2026 23:59,03/10/2026 05:35
920e61fc-b212-419b-8f94-9575f6261b7f,positive.academy,expiring,,,high,low,8,PDR Ltd. d/b/a PublicDomainRegistry.com,10/11/2024 01:34,10/11/2026 01:34,03/10/2026 07:28
59fa804f-878a-4695-b1a8-4083a3a56f73,origins.la,expiring,,,medium,low,7,.LA Founders Premium Program,05/10/2023 15:21,05/10/2026 23:59,03/10/2026 04:56
9410d8ee-16d9-4766-942a-19b32ef76ead,alcott.xyz,expiring,,,high,low,6,"Sav.com, LLC",16/11/2021 00:51,16/11/2026 23:59,03/10/2026 07:57
45c1fec6-437b-40f3-8299-119db963f221,tolls.io,expiring,,,medium,low,5,"NameCheap, Inc.",02/11/2023 16:38,02/11/2026 16:38,03/10/2026 06:51
80d115de-6cb3-4e06-96c0-2324b2b3bad2,mcc.insure,expiring,,,high,low,3,InterNetX GmbH,26/10/2016 07:28,26/10/2026 07:28,03/10/2026 06:22
fbf383aa-ae31-44ac-a86a-c1f6278fac27,create.institute,expiring,,,high,medium,6,"GoDaddy.com, LLC",08/10/2017 03:37,08/10/2026 03:37,03/10/2026 05:05
676d6fdb-dc2c-4543-aaa3-5015c24eb42a,hamid.consulting,expiring,,,medium,low,5,"NameCheap, Inc.",13/11/2024 08:05,13/11/2026 08:05,03/10/2026 07:42
7658879a-e125-4f0b-9eca-7d49a387014f,thermals.co,expiring,,,medium,low,8,Epik LLC,28/10/2020 20:17,28/10/2026 23:59,03/10/2026 06:31
5b577095-45e9-47ea-8066-e84ad8f96b79,communication.city,expiring,,,high,low,13,InterNetX GmbH,13/10/2014 09:38,13/10/2026 09:38,03/10/2026 08:59
adc8de31-c64f-429c-96b4-424359fe838a,rocker.feedback,expiring,,,high,low,6,Tucows Registry Services,15/10/2015 19:37,15/10/2026 23:59,03/10/2026 05:45
ffe2cc8b-6ec6-4a66-827f-b48f8a1ecea6,noun.info,expiring,,,high,low,4,"GoDaddy.com, LLC",11/10/2001 09:31,11/10/2026 09:31,03/10/2026 05:17
d9536b4c-0cdc-4435-95de-89dfabe84b1b,cohen.sh,expiring,,,high,low,5,"NameCheap, Inc.",15/11/2017 02:58,15/11/2026 02:58,03/10/2026 07:50
e6bfeedc-7a4a-41c9-9bd2-99f1b0bef913,law.team,expiring,,,high,medium,3,Dynadot Inc,15/10/2016 10:27,15/10/2026 10:27,03/10/2026 05:30
2cca436a-f83b-4adf-a89b-b9f3e80f4d90,separation.uk,expiring,,,high,low,10,"Namecheap, Inc.",10/11/2021 11:21,10/11/2026 11:21,03/10/2026 07:29
140b06b9-65a7-4873-bd8b-aa69d1dd4201,magnesium.info,expiring,,,high,low,9,Dynadot Inc,15/10/2025 15:00,15/10/2026 15:00,03/10/2026 05:31
5d7c959f-f0c5-46a3-b36f-49220e495282,stat.bio,expiring,,,high,low,4,Squarespace Domains II LLC,30/10/2020 00:10,30/10/2026 00:10,03/10/2026 06:35
bdce71ab-b5e5-43aa-a3f6-a5662859bc7b,assumptions.io,expiring,,,medium,low,11,"Cloudflare, Inc",21/10/2025 22:37,21/10/2026 22:37,03/10/2026 06:08
90047e70-b065-47f4-9e37-3c25b5fe3860,bullish.lat,expiring,,,high,low,7,PDR Ltd. d/b/a PublicDomainRegistry.com,16/11/2025 16:56,16/11/2026 23:59,03/10/2026 07:57
853c0422-63ec-4389-907e-044e07e5ccdd,christian.feedback,expiring,,,high,medium,9,Tucows Registry Services,15/10/2015 19:36,15/10/2026 23:59,03/10/2026 05:35
0b233f33-a1e4-482b-a0b2-23d029ff4e82,sensational.group,expiring,,,high,low,11,"Chengdu West Dimension Digital Technology Co., Ltd.",14/11/2025 22:38,14/11/2026 22:38,03/10/2026 07:49
89e3d5b8-1bf5-4288-9461-3d0514c806fd,invented.it,expiring,,,high,low,8,,17/10/2009 21:15,01/11/2026 00:00,03/10/2026 06:42
9e72b75f-4f36-4600-ac9d-c66aacdcaa1e,multiplayer.io,expiring,,,high,low,11,Dynadot Inc,14/11/2017 10:06,14/11/2026 10:06,03/10/2026 07:46
83a01752-965e-4e64-ad2a-49a6a0ccfff6,exodus.wtf,expiring,,,high,low,6,"Cloudflare, Inc",05/11/2022 05:00,05/11/2026 05:00,03/10/2026 07:05
a6a7d381-5acd-42ba-8ab0-351ca4286d8e,right.hair,expiring,,,high,low,5,"Sav.com, LLC",15/11/2025 20:27,15/11/2026 23:59,03/10/2026 07:54
d6ca5e45-9a8c-4430-bda8-852ad7c8e7d8,motherhood.ca,expiring,,,high,low,10,SN Domains LTD.,28/10/2003 19:32,28/10/2026 04:00,03/10/2026 06:28
b6c083d6-f52e-4b1f-ab9d-2d4192b7d0bd,flesh.one,expiring,,,high,low,5,"Spaceship, Inc.",17/10/2025 00:43,17/10/2026 00:43,03/10/2026 05:52
5d6f25f3-6271-4c67-8e46-2745c746c7a7,drill.feedback,expiring,,,high,low,5,Tucows Registry Services,15/10/2015 19:37,15/10/2026 23:59,03/10/2026 05:36
3b64dbda-c9e4-49f3-a88d-667e37edb6eb,emotional.site,expiring,,,high,low,9,Registrar of Domain Names REG.RU LLC,06/11/2025 09:22,06/11/2026 23:59,03/10/2026 07:13
c0e4a71a-e664-48b6-8e3b-d3affac36a8a,karaoke.feedback,expiring,,,high,low,7,Tucows Registry Services,15/10/2015 19:37,15/10/2026 23:59,03/10/2026 05:40
0f31cfd8-3757-4b17-a3a0-69644b8420d9,sony.beer,expiring,,,high,medium,4,Alibaba Cloud Computing Ltd. d/b/a HiChina (www.net.cn),17/11/2018 03:59,17/11/2026 03:59,03/10/2026 07:57
e5f3d0bb-5968-4b81-b2a3-045f5a6e4fea,beauregard.biz,expiring,,,high,low,10,"GoDaddy.com, LLC",07/11/2001 11:33,06/11/2026 23:59,03/10/2026 07:13
a299e844-ae2f-4fd6-8bad-651f929108dd,aaron.nyc,expiring,,,high,medium,5,Rabbitsfoot.com LLC d/b/a Oxygen.nyc,10/10/2016 19:03,09/10/2026 23:59,03/10/2026 05:11
420f53c0-9ccd-4240-9fa4-5515819bfa31,coconut.plus,expiring,,,high,low,7,"Xiamen ChinaSource Internet Service Co., Ltd",21/10/2025 07:06,21/10/2026 07:06,03/10/2026 06:07
badff6e8-3383-41cf-bda6-f18ac382ce04,ellinor.online,expiring,,,high,high,7,"Ascio Technologies, Inc. Danmark - Filial af Ascio technologies, Inc. USA",22/10/2025 13:15,22/10/2026 23:59,03/10/2026 06:12
8c348d9c-9cef-4ae7-8f72-24934bc3a88a,games.codes,expiring,,,high,medium,5,Dynadot Inc,05/11/2025 09:20,05/11/2026 09:20,03/10/2026 07:05
dfbb4e34-0463-4761-bed1-f184f8111c10,mildred.feedback,expiring,,,medium,low,7,Tucows Registry Services,15/10/2015 19:37,15/10/2026 23:59,03/10/2026 05:42
05e78cf0-d74c-402a-935a-4654d936b485,asinine.ai,expiring,,,medium,low,7,Dynadot Inc,12/10/2024 23:19,12/10/2026 23:19,03/10/2026 05:21
03dadff8-dee1-4f08-8111-2c1017229363,asphalt.repair,expiring,,,high,low,7,"Global Domains International, Inc. DBA DomainCostClub.com",06/11/2024 15:15,06/11/2026 15:15,03/10/2026 07:11
05e83f5a-d26f-4302-be66-3f5aeb4f5d26,sufi.services,expiring,,,high,low,4,"GoDaddy.com, LLC",26/10/2025 14:34,26/10/2026 14:34,03/10/2026 06:23
4aca23d4-0cc0-4557-a1d8-cdb58e83e1cb,swim.digital,expiring,,,high,low,4,"Sav.com, LLC - 44",14/11/2025 15:15,14/11/2026 15:15,03/10/2026 07:47
e77752bc-bb1c-44e3-b1a9-97fbc66c52ea,cycle.fast,expiring,,,high,low,5,"NameCheap, Inc",28/10/2025 19:00,28/10/2026 19:00,03/10/2026 06:30
70fb5abb-8d12-4d5a-a0d4-e921964fc134,aligned.world,expiring,,,high,low,7,"Sav.com, LLC - 30",22/10/2025 15:15,22/10/2026 15:15,03/10/2026 06:10
71f752d7-99c5-48c3-90f0-4e4816f97ae2,nickel.cloud,expiring,,,high,low,6,One.com,15/11/2021 10:27,15/11/2026 10:27,03/10/2026 07:51
6f6ac8fb-3375-465f-91ff-0096c7a23974,plans.academy,expiring,,,high,low,5,"GoDaddy.com, LLC",08/10/2017 04:00,08/10/2026 04:00,03/10/2026 05:05
4f9a4d5a-a21f-4284-91bb-a92d8372f358,delirium.tech,expiring,,,high,low,8,West263 International Limited,28/10/2025 01:26,28/10/2026 23:59,03/10/2026 06:31
c3c3f476-0dc3-4211-b9c3-70838e1dc0fb,rust.best,expiring,,,high,medium,4,"Spaceship, Inc.",01/11/2025 01:11,01/11/2026 23:59,03/10/2026 06:47
fc043826-2a57-48e2-80e9-401f1d8d59fb,beechwood.site,expiring,,,high,low,9,"GoDaddy.com, LLC",06/11/2025 14:17,06/11/2026 23:59,03/10/2026 07:13
b2dd0353-eecc-4559-aeed-c98f19c597e4,kalamazoo.construction,expiring,,,high,low,9,Squarespace Domains II LLC,06/11/2018 15:38,06/11/2026 15:38,03/10/2026 07:11
bb054930-4644-403c-8150-132f1aba851d,hope.feedback,expiring,,,high,medium,4,Tucows Registry Services,15/10/2015 19:37,15/10/2026 23:59,03/10/2026 05:39
32c7d350-7f54-4691-989f-547c7864689a,regal.plus,expiring,,,high,low,5,"DNSPod, Inc.",31/10/2020 16:08,31/10/2026 16:08,03/10/2026 06:40
ae7d0ac4-5e48-405b-9e9e-4380e3706732,oceans.me,expiring,,,high,low,6,"GoDaddy.com, LLC",24/10/2018 14:33,24/10/2026 14:33,03/10/2026 06:17
af3d8cf2-3269-487b-9e85-fc13029c32ce,skyway.pro,expiring,,,high,low,6,"Sav.com, LLC - 41",08/10/2025 15:16,08/10/2026 15:16,03/10/2026 05:06
57ac6649-839a-447c-ba11-7f767d048fe9,himalaya.house,expiring,,,high,low,8,Dynadot Inc,09/11/2019 17:10,09/11/2026 17:10,03/10/2026 07:27
ff5a29b0-8ca2-4a32-88be-549fb32c6b78,omaha.feedback,expiring,,,high,low,5,Tucows Registry Services,15/10/2015 19:37,15/10/2026 23:59,03/10/2026 05:43
f47bc758-56ab-45f1-9dc8-8f9717b77282,pep.space,expiring,,,high,low,3,Alibaba Cloud Computing Ltd. d/b/a HiChina (www.net.cn),14/11/2025 06:30,14/11/2026 23:59,03/10/2026 07:50
2dd7e865-38f9-4030-ad33-dd3c9c2d23ba,confidently.me,expiring,,,high,low,11,IONOS SE,22/10/2025 18:42,22/10/2026 18:42,03/10/2026 22:38
03af13b7-ca34-4350-ab87-065050257e9a,vegetarian.recipes,expiring,,,high,low,10,Dynadot Inc,04/10/2019 23:20,04/10/2026 23:20,03/10/2026 04:52
501aaa12-6ded-407b-b672-17ec4a2ee977,cocoon.trading,expiring,,,high,low,6,Web Commerce Communications Limited dba WebNic.cc,29/10/2025 14:47,29/10/2026 14:47,03/10/2026 06:32
b1efa693-1de0-4f56-8a3a-700a4c66c8c1,banyan.education,expiring,,,high,low,6,Squarespace Domains II LLC,07/11/2019 16:56,07/11/2026 16:56,03/10/2026 07:17
4e0ac2f9-5cb3-4681-9b3a-1b7a7a288a42,divine.city,expiring,,,high,low,6,"DNSPod, Inc.",27/10/2023 15:15,27/10/2026 15:15,03/10/2026 06:26
491ce2e7-24d2-40d4-af48-15e5358e3625,dialogue.la,expiring,,,high,low,8,.LA Founders Premium Program,05/10/2023 15:21,05/10/2026 23:59,03/10/2026 04:56
a05ca67f-ee38-4901-ab33-c67da63255b5,vine.feedback,expiring,,,high,low,4,Tucows Registry Services,15/10/2015 19:37,15/10/2026 23:59,03/10/2026 05:48
d1abaa49-f3dc-4ba5-934a-972c64d9a3c5,recording.one,expiring,,,high,low,9,"Spaceship, Inc.",17/10/2025 00:11,17/10/2026 00:11,03/10/2026 05:52
5ad21a5c-fe68-499e-be5a-c1b762921a38,promptly.training,expiring,,,high,low,8,"GoDaddy.com, LLC",10/10/2025 06:42,10/10/2026 06:42,03/10/2026 05:13
755aa97f-dcf7-4119-a348-00968a2050d3,swimmingly.site,expiring,,,high,low,10,"GoDaddy.com, LLC",09/10/2024 16:13,09/10/2026 23:59,03/10/2026 05:12
1eaa3138-e954-4e95-af68-e717b4968cb1,manage.estate,expiring,,,high,medium,6,InterNetX GmbH,16/10/2019 18:25,16/10/2026 18:25,03/10/2026 05:51
bfbaa020-46d6-4bc9-aeb1-d8be2bd4db84,suricate.net,expiring,,,high,high,8,Porkbun LLC,16/10/2025 11:50,16/10/2026 11:50,03/10/2026 05:50
dab559fa-ef10-4532-aef6-90a5963f1b81,gyroplane.org,expiring,,,medium,low,9,"NameSilo, LLC",05/11/2019 20:32,05/11/2026 20:32,03/10/2026 07:08
965ab013-94c3-48ba-bc76-ca4982184747,those.mobi,expiring,,,medium,low,5,"Network Solutions, LLC",11/10/2006 22:23,11/10/2026 22:23,03/10/2026 05:19
2df6e17d-b357-4f1c-b44d-c0aaa4532601,topics.forum,expiring,,,high,low,6,"Spaceship, Inc.",14/10/2025 21:28,14/10/2026 21:28,03/10/2026 05:28
45dcc2dc-1262-4f3a-a899-d454c1dcac47,press.management,expiring,,,high,low,5,Porkbun LLC,11/10/2024 16:01,11/10/2026 16:01,03/10/2026 05:18
0207dabf-65e1-4cf3-93d1-4904f2ab916b,practicing.life,expiring,,,high,low,10,"Sav.com, LLC - 24",10/10/2025 15:16,10/10/2026 15:16,03/10/2026 05:14
f8d05cc2-408c-46d8-bc0c-93fa576c3118,inca.world,expiring,,,medium,low,4,"Sav.com, LLC - 20",06/10/2025 15:15,06/10/2026 15:15,03/10/2026 04:58
d8633aca-ef06-4007-a6ce-8b2ad0c7e492,ramona.feedback,expiring,,,high,low,6,Tucows Registry Services,15/10/2015 19:37,15/10/2026 23:59,03/10/2026 05:44
616f83a3-c55e-4c7b-9433-c6e853b15965,dumb.homes,expiring,,,high,low,4,"Spaceship, Inc.",01/11/2025 04:48,01/11/2026 23:59,03/10/2026 06:46
c2e62f7c-adfa-4644-98a3-8d15941aed4f,collection.zone,expiring,,,high,low,10,"Xiamen ChinaSource Internet Service Co., Ltd",31/10/2025 15:15,31/10/2026 15:15,03/10/2026 06:40
8d406ff4-bcd0-4975-a406-1652ee8c2218,heed.tv,expiring,,,high,low,4,"NameCheap, Inc.",08/10/2011 08:18,08/10/2026 08:18,03/10/2026 05:06
4b02d1de-1c84-4b96-bbc8-e5d73a7ef58e,vasco.uk,expiring,,,medium,low,5,Premkumar Veerabadran t/a sitekart,08/10/2024 13:03,08/10/2026 13:03,03/10/2026 05:06
1994207f-519d-4ad2-a79d-4415f3741d04,around.you,expiring,,,high,low,6,101domain GRS Limited,05/10/2025 13:00,05/10/2026 13:00,03/10/2026 04:54
38006c40-9d4c-4617-bef9-360f2fd8fe1e,horse.finance,expiring,,,high,low,5,Dynadot Inc,31/10/2021 17:00,31/10/2026 17:00,03/10/2026 06:40
5c10acdf-5add-44d9-95f1-4518ad371703,rhodonite.com,expiring,,,high,high,9,"NameSilo, LLC",15/11/2002 08:22,15/11/2026 08:22,03/10/2026 07:51
25212bd6-2c42-4f15-b072-9e75b97ed6ea,quibble.io,expiring,,,high,low,7,"GoDaddy.com, LLC",07/11/2018 10:45,07/11/2026 10:45,03/10/2026 07:16
118b8939-3556-4ea2-a5c8-91f2ddb12ccf,sooner.info,expiring,,,high,low,6,"GoDaddy.com, LLC",04/10/2001 19:24,04/10/2026 19:24,03/10/2026 04:51
939a4931-fb73-4061-828c-1963aaf1dad4,bellflower.biz,expiring,,,medium,low,10,TLDS L.L.C. d/b/a SRSPlus,07/11/2001 08:38,06/11/2026 23:59,03/10/2026 07:13
4f4ba8d7-982a-4ff8-ad7b-14b1a60c9932,saturday.feedback,expiring,,,high,low,8,Tucows Registry Services,15/10/2015 19:37,15/10/2026 23:59,03/10/2026 05:45
60ce8556-2028-45ab-96da-2f910d89a6b3,sounds.app,expiring,,,high,low,6,"CloudFlare, Inc.",09/11/2020 04:49,09/11/2026 04:49,03/10/2026 07:25
b060eb3d-2ffd-4b54-a9cf-e128cdadeeff,mhc.mom,expiring,,,high,low,3,"NameSilo, LLC",20/10/2025 18:07,20/10/2026 23:59,03/10/2026 06:06
d2a84efb-e672-47a6-932e-0f217bb5b01b,orbit.now,expiring,,,high,medium,5,Porkbun LLC,01/11/2024 14:45,01/11/2026 14:45,03/10/2026 06:44
de7910c6-14a0-492b-b0bc-e87e0a0d3e2f,mrna.cloud,expiring,,,high,low,4,1API GmbH,05/11/2019 09:48,05/11/2026 09:48,03/10/2026 07:05
4de8d18f-94a9-4180-ba17-22cc3c3eac3d,nemo.top,expiring,,,high,low,4,JSC “RU-CENTER”,02/11/2023 05:24,02/11/2026 05:24,03/10/2026 06:48
5988e382-2225-4737-aa88-9bff1050b329,touring.la,expiring,,,high,low,7,TLD Registrar Solutions Ltd,27/10/2014 10:42,27/10/2026 23:59,03/10/2026 06:28
499b2fea-5f12-43d0-a12d-fdf52922751c,imagine.gold,expiring,,,high,medium,7,Unstoppable Domains Inc,07/10/2025 11:07,07/10/2026 11:07,03/10/2026 05:02
dda527cb-056e-40c9-9512-ef2722dbff8c,red.guru,expiring,,,high,medium,3,"Sav.com, LLC - 4",09/11/2025 15:15,09/11/2026 15:15,03/10/2026 07:26
7ceda8a9-46b2-44b0-b3a1-f6e6598e3ac8,graham.claims,expiring,,,high,low,6,Squarespace Domains II LLC,13/11/2018 19:03,13/11/2026 19:03,03/10/2026 07:43
f122e976-bec0-4ef7-9563-acd5f6e52d6c,documents.xyz,expiring,,,high,low,9,"NameCheap, Inc.",12/11/2019 01:14,12/11/2026 23:59,03/10/2026 07:40
8d4632b6-2dde-4120-8157-15f596d520a6,galen.feedback,expiring,,,high,low,5,Tucows Registry Services,15/10/2015 19:37,15/10/2026 23:59,03/10/2026 05:38
052d310a-9324-49e9-88d9-68b11e42baa0,turntable.ai,expiring,,,high,low,9,"NameCheap, Inc.",06/11/2020 04:54,06/11/2026 04:54,03/10/2026 11:33
942cab30-7537-4335-8687-fbfd899d6f98,johnson.doctor,expiring,,,high,low,7,"Go Australia Domains, LLC",02/11/2016 16:00,02/11/2026 16:00,03/10/2026 06:50
18f5ba30-27a7-4a00-84b2-65e8988b38f8,festival.xyz,expiring,,,high,low,8,Gandi SAS,09/10/2025 12:55,09/10/2026 23:59,03/10/2026 05:12
ceefec5d-14eb-411d-adb5-4034bb3b5f1d,trend.agency,expiring,,,high,low,5,"Sav.com, LLC - 19",09/10/2023 15:15,09/10/2026 15:15,03/10/2026 05:10
2021b868-3ee2-4958-a319-6b00cefb514d,auto.you,expiring,,,high,medium,4,"Spaceship, Inc.",07/10/2025 02:28,07/10/2026 02:28,03/10/2026 05:01
1195cd83-d6e8-41e7-a84b-fbe9e3faa511,shoe.cool,expiring,,,high,low,4,"Sav.com, LLC - 32",27/10/2025 15:15,27/10/2026 15:15,03/10/2026 06:26
b73e03f2-183e-4e68-ab42-c56971a125be,disco.business,expiring,,,high,low,5,Squarespace Domains II LLC,29/10/2021 16:39,29/10/2026 16:39,03/10/2026 06:33
cdb9f310-a4d2-419f-b896-f35f6def574f,brent.one,expiring,,,high,low,5,"GoDaddy.com, LLC",12/11/2016 11:07,12/11/2026 11:07,03/10/2026 07:37
0146a3cd-4e86-4ba9-8944-56ab5a4bcffa,headshot.it,expiring,,,high,high,8,,11/12/2017 09:00,08/10/2026 00:00,03/10/2026 05:04
e74954d1-11b2-4bc7-bee1-5b7ee7d82f35,trustfully.law,expiring,,,medium,low,10,"GoDaddy.com, LLC",06/10/2025 02:27,06/10/2026 02:27,03/10/2026 04:57
5622897f-8529-4072-bb34-9583451b4657,ran.biz,expiring,,,high,low,3,"GoDaddy.com, LLC",07/11/2001 09:33,06/11/2026 23:59,03/10/2026 07:14
23a58964-91cd-4952-9e1f-77d46459de39,william.services,expiring,,,high,low,7,"GoDaddy.com, LLC",14/10/2025 18:57,14/10/2026 18:57,03/10/2026 05:28
75406443-4adf-4cad-943c-0f2cf244fa2b,monticello.in,expiring,,,medium,low,10,NAMECHEAP,09/10/2012 19:39,09/10/2026 19:39,03/10/2026 05:11
48f6e874-9de3-4c02-a4cd-934ba4a8ba78,visceral.us,expiring,,,high,low,8,"NameCheap, Inc.",24/10/2010 17:00,23/10/2026 23:59,03/10/2026 06:15
fff7c9ef-9591-426a-a582-fd9d22e3c4e1,need.feedback,expiring,,,high,low,4,Tucows Registry Services,15/10/2015 19:37,15/10/2026 23:59,03/10/2026 05:42
a30e8e25-ca20-4ed0-a0b4-716c07e9e42c,scenario.mobi,expiring,,,high,low,8,InterNetX GmbH,10/10/2006 12:05,10/10/2026 12:05,03/10/2026 05:13
9cce49af-8aee-4fc6-95c7-39070c390059,lead.dev,expiring,,,high,medium,4,Namecheap Inc.,06/11/2024 09:28,06/11/2026 09:28,03/10/2026 07:10
da6ceeec-6c2a-486d-9d0f-e916acb2b928,storytelling.quest,expiring,,,high,low,12,Porkbun LLC,06/10/2025 22:41,06/10/2026 23:59,03/10/2026 05:00
dc4e2685-99ed-499b-871d-1317b2f20853,dom.rentals,expiring,,,high,medium,3,Squarespace Domains II LLC,08/11/2021 00:04,08/11/2026 00:04,03/10/2026 07:19
1f92ca33-297e-4ebb-8ecb-a3aea2f0322a,dip.app,expiring,,,high,low,3,Namecheap Inc.,15/11/2020 05:32,15/11/2026 05:32,03/10/2026 07:51
1a8578f2-4b1c-4417-bb69-5a8f270ecdd9,east.consulting,expiring,,,high,low,4,"Sav.com, LLC",05/11/2019 17:02,05/11/2026 17:02,03/10/2026 07:07
9bfd6a1b-dfb3-497b-8463-8644c6c0c735,take.live,expiring,,,high,low,4,"Chengdu West Dimension Digital Technology Co., Ltd.",28/10/2015 17:00,28/10/2026 17:00,03/10/2026 06:30
2d0fe730-b8c3-4898-9190-08d7a20ab274,pregnant.it,expiring,,,high,low,8,,31/07/2001 00:00,29/10/2026 00:00,03/10/2026 06:31
5db705d1-c2d8-431f-a6d3-fcfacfb1f5c4,corinthian.it,expiring,,,high,low,10,,24/09/2012 17:53,07/10/2026 00:00,03/10/2026 05:01
b982cef3-1107-4788-acbd-56e1fe9282cf,lena.ventures,expiring,,,high,low,4,"Sav.com, LLC - 46",20/10/2025 15:15,20/10/2026 15:15,03/10/2026 06:04
0d772ef9-061f-4074-810f-024cded8eb92,investigation.net,expiring,,,high,low,13,"GoDaddy.com, LLC",31/10/1997 05:00,30/10/2026 04:00,03/10/2026 06:35
3e8e7c90-b6e9-43dd-8040-a6288ba2819e,garden.gold,expiring,,,high,low,6,"DNSPod, Inc.",17/11/2018 08:20,17/11/2026 08:20,04/10/2026 03:33
157bc172-e577-4e0d-962c-7e6d9381667b,taproom.nyc,expiring,,,high,low,7,"GoDaddy.com, LLC",07/10/2014 15:32,06/10/2026 23:59,03/10/2026 05:00
848ff838-0ac2-4c6c-8af7-a1de4595396e,pharmacy.ag,expiring,,,high,low,8,NicAg Registrar,15/10/2007 13:06,15/10/2026 13:06,03/10/2026 05:30
14208b7d-16c8-4c02-aea9-63d705557de1,cannes.pro,expiring,,,high,low,6,"Sav.com, LLC - 15",28/10/2025 15:15,28/10/2026 15:15,03/10/2026 06:29
74737d99-8bc5-4d1b-99a7-d3be35643a06,heather.feedback,expiring,,,high,low,7,Tucows Registry Services,15/10/2015 19:37,15/10/2026 23:59,03/10/2026 05:38
ed787ac1-e4db-4e7e-8fff-d7bde02b67b0,sharp.camp,expiring,,,high,low,5,Squarespace Domains II LLC,18/10/2021 03:06,18/10/2026 03:06,03/10/2026 05:56
d0a67311-aa47-4016-8be4-9563c2bbfbc8,sophisticate.ai,expiring,,,high,high,12,"GoDaddy.com, LLC",21/10/2022 23:08,21/10/2026 23:08,03/10/2026 06:08
ac7cb00b-bcfd-49b3-8c6a-9e45c70adffc,agrestic.org,expiring,,,medium,low,8,Dynadot Inc,25/10/2025 12:41,25/10/2026 12:41,03/10/2026 06:19
4f8251a8-b0a5-4826-bbd5-9d4294a07e27,guitar.live,expiring,,,high,low,6,"Name.com, Inc.",23/10/2020 19:41,23/10/2026 19:41,03/10/2026 06:14
1d06e165-8cbc-4166-92e9-04c04c473937,adaptive.social,expiring,,,high,low,8,"Spaceship, Inc.",12/11/2025 04:57,12/11/2026 04:57,03/10/2026 07:37
2ef099f6-0988-4a5d-a714-46fbb0a521f8,hairdresser.feedback,expiring,,,high,low,11,Tucows Registry Services,15/10/2015 19:37,15/10/2026 23:59,03/10/2026 05:38
9810b70c-f6ac-488c-970c-6c75410c7cfb,old.auction,expiring,,,high,low,3,"Sav.com, LLC",14/10/2023 10:48,14/10/2026 10:48,03/10/2026 05:27
8ad6c7fd-96b7-41d3-a909-dce1e635e0da,barbershop.help,expiring,,,high,low,10,"Key-Systems, LLC",25/10/2025 22:46,25/10/2026 23:59,03/10/2026 06:21
454a02f0-a27d-4e24-acc6-7ea4f75d2e9f,yellow.doctor,expiring,,,high,medium,6,"Go Australia Domains, LLC",02/11/2016 16:00,02/11/2026 16:00,03/10/2026 06:50
83e95d13-da2f-4c70-b8f9-6601089fcf89,trade.limited,expiring,,,high,medium,5,"Cloudflare, Inc",08/11/2025 15:30,08/11/2026 15:30,04/10/2026 03:04
f77acdc3-b139-4bd3-8779-3354a09d76c5,art.voyage,expiring,,,high,medium,3,Dynadot Inc,05/10/2020 14:30,05/10/2026 14:30,03/10/2026 04:54
e53a819d-302f-47e5-bc6e-a01f0673b1ae,superstore.pro,expiring,,,high,high,10,"Sav.com, LLC - 12",06/10/2025 15:15,06/10/2026 15:15,03/10/2026 04:58
ae056716-b93e-4c21-a8a5-244470df2aa5,sport.place,expiring,,,high,medium,5,Dynadot Inc,06/10/2024 15:15,06/10/2026 15:15,03/10/2026 04:58
c7e12633-30f1-4e03-9050-5e0064853a87,market.doctor,expiring,,,high,medium,6,"GoDaddy.com, LLC",02/11/2016 16:00,02/11/2026 16:00,03/10/2026 06:50
943b1a46-e3aa-4b3a-bc8e-829ad78ce21a,dif.pw,expiring,,,high,low,3,Gandi SAS,04/10/2015 18:12,04/10/2026 23:59,03/10/2026 04:52
8b3cdf0b-478c-42e3-acd1-a576fb607adc,hypnotic.io,expiring,,,high,low,8,"Spaceship, Inc.",29/10/2018 10:41,29/10/2026 10:41,03/10/2026 06:32
0942e02a-e511-4930-b5de-1702e7ca78c7,limbic.online,expiring,,,medium,low,6,"GoDaddy.com, LLC",04/11/2025 23:06,04/11/2026 23:59,03/10/2026 07:03
dacf132f-ae77-45af-9630-40a8753dd06e,peeled.xyz,expiring,,,medium,low,6,"GMO Internet Group, Inc. d/b/a Onamae.com",17/10/2025 03:38,17/10/2026 23:59,03/10/2026 05:55
cf885f47-91e7-4dff-8284-827bd27d3451,parent.talk,expiring,,,high,low,6,"Dynadot, LLC",30/10/2025 00:01,30/10/2026 00:01,03/10/2026 06:35
49d24d3a-b492-4e26-aad4-62c606a23b83,neighbor.plus,expiring,,,high,low,8,"Spaceship, Inc.",06/10/2025 07:54,06/10/2026 07:54,03/10/2026 04:57
b5cbd9cd-51a8-4b98-bf6a-64dfdc0718c3,roots.events,expiring,,,high,low,5,"Sav.com, LLC - 48",04/11/2025 15:15,04/11/2026 15:15,03/10/2026 07:00
b6cb2d13-8966-4a1c-ac88-ef7053244784,intentions.agency,expiring,,,medium,low,10,Reliable Software,29/10/2025 14:42,29/10/2026 14:42,03/10/2026 06:32
6e3ec69f-29d1-4b71-9db4-1715309c8c09,aesthesis.space,expiring,,,medium,low,9,Registrar of Domain Names REG.RU LLC,29/10/2025 08:43,29/10/2026 23:59,03/10/2026 06:34
d6dc50d1-c9d6-42c9-a09e-62e1161a1ac9,ice.boats,expiring,,,high,medium,3,"Xiamen ChinaSource Internet Service Co., Ltd",10/11/2024 10:23,10/11/2026 23:59,03/10/2026 07:32
4f848ba6-0e00-4e53-b71b-0a09d07e7d8f,vincent.expert,expiring,,,high,low,7,"Regional Network Information Center, JSC dba RU-CENTER",06/10/2025 10:41,06/10/2026 10:41,03/10/2026 04:57
8ccc26ee-5c91-4b92-ba80-f37ee5f88693,plan.la,expiring,,,high,medium,4,LA Domain Names,05/11/2016 22:47,05/11/2026 23:59,03/10/2026 07:08
6c9036bc-7669-44e3-adc6-f93a4ebd0f4b,boss.center,expiring,,,high,high,4,"Xiamen ChinaSource Internet Service Co., Ltd",07/11/2019 23:27,07/11/2026 23:27,03/10/2026 07:18
1752a8c6-fa9a-4da6-b60f-b99f0ae64c83,sna.co,expiring,,,high,low,3,"GoDaddy.com, LLC",04/10/2023 17:00,04/10/2026 23:59,03/10/2026 04:53
776b0342-6164-408d-9bec-174288b93592,wired.feedback,expiring,,,high,low,5,Tucows Registry Services,15/10/2015 19:37,15/10/2026 23:59,03/10/2026 05:49
9327cc89-524b-44f3-9176-92c12bcbaa5e,reincarnation.me,expiring,,,high,low,13,Alibaba Cloud Computing Ltd. d/b/a HiChina (www.net.cn),02/11/2025 01:50,02/11/2026 01:50,03/10/2026 06:48
2262f798-2a35-4984-94d9-653281617732,banking.cam,expiring,,,high,low,7,"Spaceship, Inc.",10/11/2025 01:03,10/11/2026 23:59,03/10/2026 07:32
5b1de204-0b72-4e68-9785-023db614b53d,looking.bet,expiring,,,high,low,7,"Sav.com, LLC",14/11/2025 17:27,14/11/2026 17:27,03/10/2026 07:47
dcea2b36-f40e-4c36-b18a-fe8e50711d8e,engagement.rsvp,expiring,,,high,low,10,Squarespace Domains II LLC.,15/11/2022 16:02,15/11/2026 16:02,03/10/2026 07:52
a366917b-dfef-4ebf-8e98-cbbe35ca7728,generic.health,expiring,,,high,low,7,"GoDaddy.com, LLC",07/11/2023 21:50,07/11/2026 21:50,03/10/2026 07:18
832ce2c2-5f2f-4c7e-afb5-d7013295c6e8,cte.xyz,expiring,,,high,low,3,Virtualia LLC,08/11/2021 23:55,08/11/2026 23:59,03/10/2026 14:02
8693b9a8-c83b-469a-9c10-50852f36834f,axiom.report,expiring,,,high,medium,5,"Global Domains International, Inc. DBA DomainCostClub.com",11/10/2016 18:00,11/10/2026 18:00,03/10/2026 05:18
999bad84-8df5-493a-9ff1-902464089bb9,sailor.biz,expiring,,,high,low,6,"Spaceship, Inc.",04/10/2025 17:28,04/10/2026 17:28,03/10/2026 04:51
77def8ac-e7f2-4227-a030-f45a5be2e085,okada.cc,expiring,,,medium,low,5,"eNom, LLC",29/10/1998 08:00,29/10/2026 07:00,03/10/2026 06:32
955eed31-74b3-4cfb-b6e0-d1d338fa56e4,tsh.fyi,expiring,,,high,low,3,"Amazon Registrar, Inc.",10/11/2021 20:47,10/11/2026 20:47,03/10/2026 07:31
d31dddf3-42e3-4b4b-a455-d08fba717c70,papa.cfd,expiring,,,high,low,4,"NameCheap, Inc.",06/11/2021 14:50,06/11/2026 23:59,03/10/2026 07:14
cd919d78-eebe-4658-a6e5-7b90ff8f81ad,create.gold,expiring,,,high,medium,6,"Xiamen ChinaSource Internet Service Co., Ltd",06/11/2023 15:15,06/11/2026 15:15,03/10/2026 07:11
0b3fdbe0-76da-48a8-a445-829506dbc702,charitable.doctor,expiring,,,high,low,10,"Go Montenegro Domains, LLC",02/11/2016 16:00,02/11/2026 16:00,03/10/2026 06:50
9b1a941f-0ff3-44c4-88f5-ccfc8a69b2e2,bowl.vc,expiring,,,high,low,4,"GoDaddy.com, LLC",03/11/2022 23:06,03/11/2026 23:06,03/10/2026 06:56
8e1f79be-c846-431e-9832-ecb2da255f2a,mary.doctor,expiring,,,high,low,4,"Wild West Domains, LLC",02/11/2016 16:00,02/11/2026 16:00,03/10/2026 06:50
5a5936cd-02cd-4919-84fb-22e50195cfaf,bloomie.online,expiring,,,high,high,7,"GoDaddy.com, LLC",06/10/2025 11:44,06/10/2026 23:59,03/10/2026 05:00
1c9b5e79-54c9-42af-9c86-7fc8a512c5c8,awakening.top,expiring,,,high,low,9,成都西维数码科技有限公司,15/11/2024 22:10,15/11/2026 22:10,03/10/2026 07:53
d0ae9036-db56-46fa-b81d-e2ce8500eb5e,bianca.green,expiring,,,medium,low,6,"Key-Systems, LLC",06/11/2025 21:23,06/11/2026 21:23,03/10/2026 07:12
daa8f4fd-e40a-4b5b-ad18-b3745656b018,gil.app,expiring,,,high,low,3,"Global Domains International, Inc. DBA DomainCostClub.com",01/11/2020 14:21,01/11/2026 14:21,03/10/2026 06:44
39fa471b-1945-497b-a3c0-c6d258f782cb,prosperous.partners,expiring,,,high,low,10,"GoDaddy.com, LLC",09/11/2024 20:37,09/11/2026 20:37,03/10/2026 07:27
6c6438da-966d-4bdb-99fc-1ca4b8f3df77,executive.beauty,expiring,,,high,low,9,"Spaceship, Inc.",20/10/2025 17:05,20/10/2026 23:59,03/10/2026 06:06
8478e8a3-ac5a-4a4b-8f32-e08f8e0aa8c6,excellent.la,expiring,,,high,low,9,TLD Registrar Solutions Ltd,27/10/2014 10:42,27/10/2026 23:59,03/10/2026 06:28
d5236a8c-5f0d-4c7c-a0a4-12e8bbb2a2b8,seed.la,expiring,,,high,medium,4,VIPDomains.LA  Founders Program,12/11/2014 18:44,12/11/2026 23:59,03/10/2026 07:40
779cf659-bdff-4ca3-8f95-8ee7060d799a,version.uk,expiring,,,high,low,7,Tool Domains EOOD t/a Edoms.com,08/10/2023 13:00,08/10/2026 13:00,03/10/2026 05:06
6fb66674-ca14-4fe3-898b-576e330ad7da,brand.feedback,expiring,,,high,medium,5,Tucows Registry Services,15/10/2015 19:36,15/10/2026 23:59,04/10/2026 03:24
55967904-692d-4c9c-bf93-d006c85ef129,delight.cool,expiring,,,high,low,7,"DNSPod, Inc.",30/10/2023 08:06,30/10/2026 08:06,03/10/2026 06:35
090a5722-9321-406b-a779-ac67de5b9e63,buying.rentals,expiring,,,high,low,6,"GoDaddy.com, LLC",11/10/2025 05:40,11/10/2026 05:40,03/10/2026 05:16
d3e55df6-d02d-40f3-b9a0-6233294a9051,jurassic.uk,expiring,,,high,low,8,Simon Fox,29/10/2017 20:54,29/10/2026 20:54,03/10/2026 06:34
0038ad11-900a-40d8-a047-23ff34d6eb46,greater.works,expiring,,,high,low,7,"Spaceship, Inc.",21/10/2022 13:15,21/10/2026 13:15,03/10/2026 06:07
3f26a216-633a-4eca-88d8-14bfbb249a3f,psychiatry.feedback,expiring,,,high,low,10,Tucows Registry Services,15/10/2015 19:37,15/10/2026 23:59,03/10/2026 05:44
be5ae616-809b-42a4-a1bf-60bc43d3231a,rebound.group,expiring,,,high,low,7,"Chengdu West Dimension Digital Technology Co., Ltd.",14/11/2020 19:17,14/11/2026 19:17,03/10/2026 07:48
40ce1120-a9f2-4f6d-8f73-355ab3f01517,eyebrows.me,expiring,,,medium,low,8,Porkbun LLC,23/10/2025 17:01,23/10/2026 17:01,03/10/2026 06:14
8de93eaa-ffff-44c1-9374-b71644c037aa,penis.technology,expiring,,,high,low,5,"Cloudflare, Inc",13/11/2021 05:08,13/11/2026 05:08,03/10/2026 07:41
bbec8fca-7e4b-455f-8907-07ca302911c8,steer.tech,expiring,,,high,low,5,Squarespace Domains LLC,29/10/2018 03:54,29/10/2026 23:59,03/10/2026 06:34
738f96fd-8197-4d9f-9bfe-ec8b600fcfe7,michelle.digital,expiring,,,high,low,8,"Sav.com, LLC - 41",27/10/2025 15:15,27/10/2026 15:15,03/10/2026 06:26
03311820-e304-446c-9507-a7bebe036eae,moribund.net,expiring,,,medium,low,8,DropCatch.com 495 LLC,12/11/2019 19:47,12/11/2026 19:47,03/10/2026 07:39
4402016a-4b54-4ebb-a4a4-f54f02626450,victors.tech,expiring,,,high,medium,7,Alibaba Cloud Computing Ltd. d/b/a HiChina (www.net.cn),01/11/2025 04:15,01/11/2026 23:59,03/10/2026 06:47
df6d5bb1-c043-4bd6-9efc-eab49ded988a,listen.feedback,expiring,,,high,low,6,Tucows Registry Services,15/10/2015 19:37,15/10/2026 23:59,03/10/2026 05:41
4c3a4206-50d9-4a98-b41f-27ab1aa3cfee,just.boston,expiring,,,high,medium,4,"GoDaddy.com, LLC",10/10/2017 22:33,10/10/2026 22:33,03/10/2026 05:15
b08da45a-08a0-4a43-ba43-aba2f4bece67,focal.capital,expiring,,,high,low,5,"Sav.com, LLC - 49",06/10/2025 15:15,06/10/2026 15:15,03/10/2026 04:58
08835cb1-4f27-49a8-93fa-3d0228bc6594,renown.co,expiring,,,high,high,6,"GoDaddy.com, LLC",28/10/2011 07:09,27/10/2026 23:59,03/10/2026 06:28
a5da1d29-7341-4096-85a4-3c4be4629945,newsroom.my,expiring,,,high,low,8,Exabytes Network Sdn Bhd,06/11/2018 16:00,06/11/2026 16:00,03/10/2026 07:11
b423c1bd-d88a-426b-9ed1-3a30db9e7a34,kids.restaurant,expiring,,,high,low,4,"Key-Systems, LLC",14/11/2014 16:16,14/11/2026 16:16,03/10/2026 07:47
bd278994-3871-4075-8a28-d4a4c6f9eff2,pioneers.me,expiring,,,high,low,8,"eNom, LLC",14/10/2025 04:27,14/10/2026 04:27,03/10/2026 05:26
903e7059-9ec2-446f-a634-c4f7e3c93689,digital.free,expiring,,,high,medium,7,"NameCheap, Inc",11/11/2025 18:19,11/11/2026 18:19,04/10/2026 00:22
1ac69558-4400-4a94-bce8-2128592fad04,atlantis.exchange,expiring,,,high,low,8,Dynadot Inc,08/10/2025 17:00,08/10/2026 17:00,03/10/2026 05:07
860c4040-e53e-43fc-84f1-81203f192b02,medically.us,expiring,,,high,low,9,"GoDaddy.com, LLC",12/10/2024 02:42,12/10/2026 02:42,03/10/2026 05:20
ac64fdfd-bd0d-45ca-8dc2-5bb467ae0fd7,behrens.earth,expiring,,,high,low,7,Dynadot Inc,01/11/2020 11:33,01/11/2026 11:33,03/10/2026 06:43
e5f0fbc8-b606-4287-8fcd-d34160c48f37,rural.pro,expiring,,,high,low,5,Netregistry Wholesale Pty Ltd,12/10/2023 17:00,12/10/2026 17:00,03/10/2026 05:21
6750acbe-0342-4bc2-bdde-383f2b488d42,offerings.gifts,expiring,,,high,low,9,Squarespace Domains II LLC,11/11/2022 14:17,11/11/2026 14:17,03/10/2026 07:34
fd846a9b-57dd-425c-97ab-d16943ea2296,benny.feedback,expiring,,,high,low,5,Tucows Registry Services,15/10/2015 19:36,15/10/2026 23:59,03/10/2026 05:33
117add67-f5c2-46d2-bccc-14b73e96714a,adroit.group,expiring,,,high,low,6,"Chengdu West Dimension Digital Technology Co., Ltd.",14/11/2018 10:30,14/11/2026 10:30,03/10/2026 07:46
b9521235-802b-4e3e-b5c0-7459bd629df4,awl.systems,expiring,,,high,low,3,"NameCheap, Inc.",14/11/2023 14:51,14/11/2026 14:51,03/10/2026 07:46
28bcff56-bf2e-4b8d-b847-2d9431b0a412,extent.lat,expiring,,,high,low,6,Porkbun LLC,07/10/2025 14:49,07/10/2026 23:59,03/10/2026 05:04
4908d667-4df4-4fa8-a0ba-1a1ef11ae80b,bayes.cc,expiring,,,high,low,5,"Cloudflare, Inc.",15/11/2017 21:01,15/11/2026 21:01,03/10/2026 07:53
73541883-2956-4ba6-93b2-a9c2692c7a04,rex.feedback,expiring,,,high,low,3,Tucows Registry Services,15/10/2015 19:37,15/10/2026 23:59,03/10/2026 05:44
774c1d86-bdd9-45a9-924c-eace5aae190b,lucas.bz,expiring,,,high,medium,5,"NameCheap, Inc.",04/11/2020 18:00,04/11/2026 18:00,03/10/2026 07:01
70458778-735b-4479-92be-6d63ee0599df,interesting.feedback,expiring,,,high,low,11,Tucows Registry Services,15/10/2015 19:37,15/10/2026 23:59,03/10/2026 05:39
dc6fd0d6-5074-4006-a703-4593b0eb0127,experts.feedback,expiring,,,high,low,7,Tucows Registry Services,15/10/2015 19:37,15/10/2026 23:59,03/10/2026 05:37
2757f64e-ee70-4fa7-8316-ebac74af1534,safari.feedback,expiring,,,high,low,6,Tucows Registry Services,15/10/2015 19:37,15/10/2026 23:59,03/10/2026 05:45
08abe261-a580-4365-8f59-f40e23259c90,apollo.academy,expiring,,,high,medium,6,"NameSilo, LLC",10/11/2021 13:15,10/11/2026 13:15,03/10/2026 07:29
63ad4a3e-98ad-4a23-8091-15f8af5d395d,jacobin.me,expiring,,,high,low,7,"NameCheap, Inc.",21/10/2021 03:04,21/10/2026 03:04,03/10/2026 06:06
f7324872-da41-4fc5-ae34-764785c4fdd1,help.kids,expiring,,,high,medium,4,"GoDaddy.com, LLC",19/10/2022 16:33,19/10/2026 16:33,03/10/2026 12:55
65af514b-1038-45b2-b6c7-f1681f1979c2,cords.one,expiring,,,medium,low,5,"Spaceship, Inc.",30/10/2025 04:17,30/10/2026 04:17,03/10/2026 06:35
72e783a4-e1bb-4fc6-90f8-1e1bc2b93181,gaming.vc,expiring,,,high,low,6,united-domains GmbH,12/10/2012 19:24,12/10/2026 19:24,03/10/2026 05:21
9509f4b7-ddf6-43e1-987d-ad7b8259788d,neutrality.vc,expiring,,,high,low,10,"Sav.com, LLC",13/11/2023 15:58,13/11/2026 15:58,03/10/2026 07:43
36b0624d-22f4-429c-ab73-f17281c7fdca,sets.blue,expiring,,,medium,low,4,"Cloudflare, Inc",05/11/2025 21:56,05/11/2026 21:56,03/10/2026 07:08
8c6dee65-4e8e-4a31-bb18-aa8eb1fdeb2e,noon.club,expiring,,,high,low,4,Dynadot Inc,09/11/2014 04:27,08/11/2026 23:59,03/10/2026 07:24
f11242f1-f318-42e0-82e7-e8124f63e9dc,mandel.family,expiring,,,medium,low,6,1API GmbH,15/11/2017 16:00,15/11/2026 16:00,03/10/2026 07:52
348801f5-b724-4f4c-b79e-f13d2ca82d6d,powell.to,expiring,,,high,low,6,Tonic,13/11/2025 00:34,13/11/2026 00:34,03/10/2026 07:40
f19f36f4-dbe5-48f5-b08f-c2918ad043c2,vlad.land,expiring,,,high,low,4,Squarespace Domains II LLC,02/11/2019 18:08,02/11/2026 18:08,03/10/2026 06:51
cdb545ae-75e5-48fe-ac3f-fa9d36c1f9a6,oscillate.ai,expiring,,,high,high,9,"NameCheap, Inc.",15/10/2022 18:23,15/10/2026 18:23,03/10/2026 05:31
622fe3ea-503a-45e7-9b28-03e1a64efe84,wheel.porn,expiring,,,high,low,5,Mesh Digital Limited,13/10/2019 10:19,13/10/2026 10:19,03/10/2026 05:24
a8cd1b4e-4142-43e1-9e68-05895608f8c9,point.exchange,expiring,,,high,low,5,"Sav.com, LLC",24/10/2025 18:55,24/10/2026 18:55,03/10/2026 06:18
d292495f-06a6-4816-9699-4d5cba27477c,beano.love,expiring,,,medium,low,5,Web Commerce Communications Ltd.,09/10/2024 12:49,09/10/2026 12:49,03/10/2026 05:10
64f8b7af-1cef-4295-869f-d5b7f67fe716,concert.directory,expiring,,,high,low,7,Porkbun LLC,30/10/2024 02:09,30/10/2026 02:09,03/10/2026 06:35
ac5f44a1-74f8-43bb-bd63-5d2534536305,pair.bot,expiring,,,high,low,4,"NameCheap, Inc",13/11/2023 08:36,13/11/2026 08:36,03/10/2026 07:42
31e48aad-f345-4482-900f-1af9e5f2b538,ahmad.la,expiring,,,high,low,5,Namecheap,13/11/2021 16:14,13/11/2026 23:59,03/10/2026 07:44
fbe5fb97-bb8e-4a08-87da-0548fe144041,fetus.it,expiring,,,high,low,5,,23/10/2016 09:00,07/11/2026 00:00,03/10/2026 07:14
9e7fbb3a-a7ca-4ae0-8c6e-7cc4631c2893,corporate.gift,expiring,,,high,low,9,"Global Domains International, Inc.",13/11/2017 15:14,13/11/2026 15:14,04/10/2026 00:36
4a33a446-c201-4129-a8ac-364f7a2cf3a6,coast.feedback,expiring,,,high,low,5,Tucows Registry Services,15/10/2015 19:36,15/10/2026 23:59,03/10/2026 05:35
d815ae8b-fdc0-47ea-ac0c-0ce208428c99,escobar.studio,expiring,,,high,low,7,"Ascio Technologies, Inc. Danmark - Filial af Ascio technologies, Inc. USA",13/11/2017 10:10,13/11/2026 10:10,03/10/2026 07:42
693db673-2144-4771-a28a-764da8a2e721,brass.feedback,expiring,,,high,low,5,Tucows Registry Services,15/10/2015 19:36,15/10/2026 23:59,03/10/2026 05:34
a3134ef0-1390-471d-945d-d0dd90852bba,youth.ventures,expiring,,,high,low,5,"Sav.com, LLC - 20",09/11/2025 15:15,09/11/2026 15:15,03/10/2026 07:26
673b99c3-4ac4-4bca-8d2c-65aeb3c02eab,shed.feedback,expiring,,,high,low,4,Tucows Registry Services,15/10/2015 19:37,15/10/2026 23:59,03/10/2026 05:45
1a8cc05c-6746-4174-8a62-cac57d6a6cf4,oakland.feedback,expiring,,,high,low,7,Tucows Registry Services,15/10/2015 19:37,15/10/2026 23:59,03/10/2026 05:43
0e7f900b-a6ba-4606-9df9-7e3451815167,retro.feedback,expiring,,,high,medium,5,Tucows Registry Services,15/10/2015 19:37,15/10/2026 23:59,03/10/2026 05:44
70a97f62-6cf3-4a8d-a7da-7e6844b9a653,astrolabe.group,expiring,,,medium,low,9,"Chengdu West Dimension Digital Technology Co., Ltd.",14/11/2025 20:17,14/11/2026 20:17,03/10/2026 07:48
42b93c58-6bcb-4cf1-8911-7c277e509285,trans.feedback,expiring,,,high,low,5,Tucows Registry Services,15/10/2015 19:37,15/10/2026 23:59,03/10/2026 05:47
4c4e9c14-d498-473c-9762-f4f54bee06b4,wax.it,expiring,,,high,low,3,,18/10/2011 23:57,24/10/2026 00:00,03/10/2026 06:15
61869479-e57c-4a22-81d8-70bd5fa17b2a,talking.feedback,expiring,,,high,low,7,Tucows Registry Services,15/10/2015 19:37,15/10/2026 23:59,03/10/2026 05:47
014e9418-1316-4ce1-9587-f0ab681a31db,valiance.net,expiring,,,high,high,8,Dynadot Inc,09/11/2004 19:12,09/11/2026 19:12,03/10/2026 07:27
7d58c1d9-cacc-4094-b2be-c189df3000cc,dolls.feedback,expiring,,,medium,low,5,Tucows Registry Services,15/10/2015 19:37,15/10/2026 23:59,03/10/2026 05:36
86684009-9994-4e00-9016-fa2833e92465,outcome.observer,expiring,,,high,low,7,101domain GRS Ltd.,30/10/2019 06:49,30/10/2026 23:59,03/10/2026 06:38
eca2f30c-4bb8-4708-9ae9-600f32d1ffa8,became.to,expiring,,,medium,low,6,Tonic,13/11/2025 06:28,13/11/2026 06:28,03/10/2026 10:18
d2914f37-5053-4885-9397-acb642688c6d,back.moe,expiring,,,high,low,4,Porkbun,24/10/2023 21:41,24/10/2026 21:41,03/10/2026 06:18
352a8337-7f61-46d0-b7b2-f63357cd4dba,hub.golf,expiring,,,high,medium,3,Dynadot Inc,10/11/2021 23:00,10/11/2026 23:00,03/10/2026 07:31
40998037-10d1-44cf-944d-900993b0aa20,shovel.in,expiring,,,high,low,6,Endurance International Group India Private Limited,03/11/2011 19:21,03/11/2026 19:21,03/10/2026 06:56
413bd095-7f83-42b9-8963-7a58d0315d24,pyle.app,expiring,,,high,low,4,"Sav.com, LLC",10/10/2025 09:58,10/10/2026 09:58,03/10/2026 05:13
e67740cd-81e5-4fc5-8715-d7d66b5fc935,unreal.studio,expiring,,,high,low,6,Porkbun LLC,24/10/2023 15:15,24/10/2026 15:15,03/10/2026 06:17
5dd3d1b4-def8-43f4-acf2-943ee0a524ba,crumb.uk,expiring,,,medium,low,5,Matthew Davis t/a CATCHMATT,30/10/2017 09:20,30/10/2026 09:20,03/10/2026 06:35
c232ec00-7c85-41b0-aee3-6d65d47dc819,everything.show,expiring,,,high,medium,10,Alibaba Cloud Computing Ltd. d/b/a HiChina (www.net.cn),19/10/2024 17:07,19/10/2026 17:07,03/10/2026 06:01
ae0b7352-e5d4-42a6-b701-79da98710d03,unique.company,expiring,,,high,medium,6,"Spaceship, Inc.",07/10/2020 10:47,07/10/2026 10:47,03/10/2026 05:01
ef45c38c-54e2-4688-b096-a5fe385f5ea6,surgeons.top,expiring,,,medium,low,8,West263 International Limited,06/11/2018 22:50,06/11/2026 22:50,03/10/2026 07:12
fb48a2b3-52b5-4008-b866-7e65de471cbe,chip.feedback,expiring,,,high,low,4,Tucows Registry Services,15/10/2015 19:36,15/10/2026 23:59,03/10/2026 18:36
b7c18fb3-9571-4454-87ec-bf394f9214d6,melon.ink,expiring,,,high,low,5,"Cloudflare, Inc.",15/11/2024 05:19,15/11/2026 05:19,03/10/2026 07:51
3cfa6ed3-5fb3-47c9-a26d-41499931c4c2,bronze.engineering,expiring,,,high,low,6,"NameCheap, Inc.",11/11/2023 02:54,11/11/2026 02:54,03/10/2026 07:33
072ff737-b71b-4374-a379-f9c7c467efb4,patch.football,expiring,,,high,medium,5,"Key-Systems, LLC",29/10/2021 20:39,29/10/2026 20:39,03/10/2026 06:33
d4cf5a47-d061-4e0c-bec7-90396def8747,doctors.institute,expiring,,,high,low,7,"GoDaddy.com, LLC",04/10/2024 17:01,04/10/2026 17:01,03/10/2026 04:51
5248d62b-cef1-4e40-9fb6-cb38d341b9f2,byte.shopping,expiring,,,high,medium,4,"Sav.com, LLC",10/10/2021 18:07,10/10/2026 18:07,03/10/2026 05:14
a4cd7a65-f5eb-4319-a9ec-824200d5a315,nuke.feedback,expiring,,,high,low,4,Tucows Registry Services,15/10/2015 19:37,15/10/2026 23:59,03/10/2026 05:42
e3aac0b0-12e9-4ec5-88e7-30bfad28262d,worthwhile.site,expiring,,,high,low,10,"GoDaddy.com, LLC",06/11/2025 14:17,06/11/2026 23:59,03/10/2026 07:14
a4a2cbf3-077f-46dd-9418-bf394e2b1e6b,mission.systems,expiring,,,high,medium,7,Squarespace Domains II LLC,21/10/2016 07:32,21/10/2026 07:32,03/10/2026 06:07
7ca10334-dcbd-40df-bcce-044969c8c50c,detailer.net,expiring,,,high,high,8,"GoDaddy.com, LLC",13/11/2002 20:15,13/11/2026 20:15,03/10/2026 07:44
af3a6564-ff4d-4507-b038-593790064672,make.net,expiring,,,high,medium,4,united-domains GmbH,10/11/1997 05:00,09/11/2026 05:00,03/10/2026 07:25
d37ebd72-1730-4a13-b71b-7fd56ea86d21,sundays.us,expiring,,,high,low,7,"NameCheap, Inc.",21/10/2005 07:43,20/10/2026 23:59,03/10/2026 06:06
4f0bb4fb-abf8-4f91-83f4-702373b07872,blows.best,expiring,,,medium,low,5,NETIM SAS,02/11/2025 11:13,02/11/2026 23:59,03/10/2026 06:52
84e3da50-b642-4cc0-9417-28531f4e6c86,marathi.digital,expiring,,,medium,low,7,"Spaceship, Inc.",17/11/2025 04:09,17/11/2026 04:09,03/10/2026 07:57
6469c0e8-67db-4a8b-bc68-8828753e44e0,gameplay.place,expiring,,,high,low,8,"GoDaddy.com, LLC",07/10/2015 18:13,07/10/2026 18:13,03/10/2026 05:03
7e437410-8400-4805-baae-18c46f0a4b9e,upland.buzz,expiring,,,medium,low,6,"GoDaddy.com, LLC",04/11/2020 10:03,04/11/2026 10:03,03/10/2026 06:59
4472d682-5a07-4184-854f-70fd42ae44af,emg.pub,expiring,,,high,low,3,"Chengdu West Dimension Digital Technology Co., Ltd.",29/10/2025 06:03,29/10/2026 06:03,03/10/2026 06:32
1c5a5233-d504-4838-8ae5-9b94c2c3c3b9,lars.net,expiring,,,high,low,4,Squarespace Domains II LLC,29/10/1997 05:00,28/10/2026 04:00,03/10/2026 06:28
e7bc2a81-1545-4d74-a816-0c19c4bdd214,reverse.feedback,expiring,,,high,low,7,Tucows Registry Services,15/10/2015 19:37,15/10/2026 23:59,03/10/2026 05:44
dadd26c9-45ff-4960-b1a0-b0b67a5c09df,neuroscience.university,expiring,,,high,low,12,Squarespace Domains II LLC,28/10/2017 11:16,28/10/2026 11:16,03/10/2026 06:29
a828f1c7-31dd-4358-ac04-5cb477784d85,brainstorm.now,expiring,,,high,low,10,"NameCheap, Inc.",16/11/2024 14:48,16/11/2026 14:48,03/10/2026 07:55
c3a121fb-8f77-4d35-b054-089c2776dc3c,pearls.group,expiring,,,high,low,6,"DNSPod, Inc.",25/10/2023 17:20,25/10/2026 17:20,03/10/2026 06:20
b15b5327-2d33-423b-b959-0b1e0380dfd8,meals.la,expiring,,,high,low,5,LA Domain Names,15/10/2020 01:09,15/10/2026 23:59,03/10/2026 05:41
a37ef7d4-f932-45c8-beee-f418a1ecf3aa,xxiv.agency,expiring,,,medium,low,4,"GoDaddy.com, LLC",07/10/2025 16:24,07/10/2026 16:24,03/10/2026 05:03
c01e5604-3567-4196-bedc-09ba93fe0697,any.express,expiring,,,high,medium,3,"Global Domains International, Inc. DBA DomainCostClub.com",09/11/2022 02:03,09/11/2026 02:03,03/10/2026 07:25
aea86259-c592-439d-9be1-ad062c98a9b6,austin.farm,expiring,,,high,low,6,Squarespace Domains II LLC,20/10/2020 15:56,20/10/2026 15:56,03/10/2026 06:04
bf117336-3f2b-4bd1-aaa2-d6380565b6f5,canberra.gay,expiring,,,high,low,8,Synergy Wholesale Accreditations Pty Ltd,25/10/2020 05:27,25/10/2026 23:59,03/10/2026 06:21
0accdd60-744f-4308-a46c-3e96a15e4984,pratt.casa,expiring,,,high,low,5,"Cloudflare, Inc.",07/11/2025 23:38,07/11/2026 23:38,03/10/2026 07:18